author,brackets_ratio,dot_brackets_ratio,r2,pvalue,school,n_brackets,length,brackets_length
Frege,0.010608356787183373,0.0024897163888287508,0.22994160992833235,4.322995363567299e-16,Most cited analytical,19,9238,"[5, 6, 1, 10, 10, 5, 7, 0, 2, 5, 11, 2, 0, 5, 5, 1, 12, 10, 1]"
Russell,0.013285032766895096,0.00390778204844794,0.43870220110858404,0.0,Most cited analytical,1408,420699,"[5, 6, 5, 8, 6, 7, 13, 3, 11, 1, 3, 9, 3, 3, 1, 12, 3, 3, 1, 3, 1, 4, 5, 1, 5, 3, 7, 9, 1, 4, 2, 2, 3, 8, 1, 2, 8, 6, 3, 7, 9, 6, 3, 8, 7, 3, 25, 1, 2, 3, 7, 4, 2, 3, 3, 5, 6, 19, 2, 2, 2, 9, 4, 7, 5, 2, 2, 3, 2, 1, 3, 5, 6, 4, 2, 6, 7, 11, 20, 17, 14, 1, 2, 6, 3, 11, 4, 2, 6, 1, 1, 3, 9, 6, 40, 14, 4, 2, 3, 2, 14, 37, 5, 4, 3, 5, 3, 3, 3, 1, 14, 5, 3, 3, 4, 15, 9, 3, 1, 5, 15, 13, 29, 8, 47, 1, 2, 12, 8, 3, 2, 4, 9, 3, 26, 6, 29, 8, 2, 26, 5, 15, 10, 5, 1, 9, 1, 1, 1, 4, 1, 1, 1, 1, 3, 2, 6, 7, 1, 1, 1, 1, 1, 3, 1, 1, 3, 1, 2, 2, 3, 2, 4, 1, 2, 2, 1, 1, 3, 5, 4, 4, 1, 19, 4, 5, 5, 1, 1, 1, 3, 2, 29, 15, 2, 11, 9, 3, 3, 2, 3, 12, 3, 4, 2, 9, 4, 5, 8, 6, 7, 2, 9, 9, 3, 1, 1, 1, 6, 1, 8, 4, 1, 4, 4, 5, 1, 7, 2, 1, 8, 3, 2, 20, 1, 15, 4, 1, 7, 3, 2, 5, 4, 1, 6, 1, 7, 1, 5, 11, 1, 1, 11, 6, 6, 1, 1, 16, 1, 10, 3, 1, 14, 2, 1, 1, 1, 1, 7, 6, 5, 0, 0, 0, 0, 5, 1, 3, 0, 0, 5, 5, 5, 1, 4, 1, 40, 0, 1, 0, 1, 0, 2, 1, 1, 2, 4, 3, 1, 3, 6, 1, 2, 6, 1, 5, 3, 2, 2, 8, 1, 0, 2, 9, 4, 7, 4, 5, 9, 2, 5, 2, 2, 1, 1, 0, 18, 4, 5, 4, 12, 20, 2, 2, 9, 5, 4, 9, 10, 19, 1, 3, 2, 5, 2, 7, 4, 11, 1, 9, 19, 5, 10, 1, 2, 1, 2, 10, 1, 16, 7, 2, 6, 5, 3, 23, 3, 7, 23, 1, 1, 4, 2, 33, 13, 22, 2, 9, 1, 9, 6, 14, 5, 5, 12, 3, 3, 3, 4, 13, 5, 5, 5, 11, 13, 5, 2, 1, 3, 1, 2, 2, 4, 10, 13, 10, 8, 2, 55, 11, 8, 1, 1, 2, 20, 11, 21, 2, 1, 1, 4, 11, 15, 20, 4, 10, 7, 5, 6, 4, 1, 12, 9, 5, 5, 7, 2, 5, 5, 4, 1, 1, 3, 17, 5, 0, 4, 14, 8, 10, 7, 12, 16, 4, 7, 8, 2, 7, 9, 2, 2, 2, 4, 31, 10, 26, 12, 5, 24, 35, 6, 6, 6, 3, 4, 1, 8, 2, 19, 3, 1, 3, 12, 18, 2, 4, 13, 4, 1, 0, 0, 5, 16, 5, 4, 10, 3, 5, 10, 7, 5, 5, 6, 9, 4, 1, 2, 3, 3, 1, 1, 1, 4, 15, 1, 21, 2, 4, 7, 1, 6, 22, 52, 50, 3, 7, 1, 2, 5, 4, 18, 28, 7, 5, 4, 5, 33, 10, 9, 9, 4, 2, 5, 1, 5, 5, 4, 2, 10, 8, 5, 7, 33, 1, 20, 3, 13, 2, 1, 5, 3, 3, 3, 7, 10, 10, 5, 12, 5, 7, 4, 22, 1, 2, 9, 6, 5, 4, 14, 17, 6, 3, 3, 8, 2, 1, 3, 4, 2, 5, 31, 8, 12, 1, 20, 6, 8, 2, 2, 5, 6, 8, 1, 3, 1, 1, 3, 4, 5, 5, 4, 19, 2, 2, 2, 2, 4, 3, 1, 2, 4, 4, 2, 3, 6, 1, 1, 5, 1, 2, 2, 1, 3, 9, 3, 3, 3, 1, 1, 1, 2, 1, 1, 3, 1, 3, 2, 0, 1, 1, 3, 2, 3, 3, 5, 4, 0, 9, 2, 1, 3, 4, 4, 2, 1, 1, 1, 1, 2, 2, 1, 1, 0, 3, 1, 1, 4, 3, 2, 1, 1, 1, 0, 1, 6, 1, 2, 2, 3, 1, 1, 4, 1, 0, 6, 2, 1, 2, 3, 3, 4, 2, 1, 2, 2, 5, 5, 2, 1, 2, 1, 3, 1, 6, 2, 2, 2, 1, 1, 1, 2, 3, 1, 0, 3, 3, 3, 2, 0, 3, 4, 2, 2, 5, 1, 0, 1, 1, 1, 0, 3, 0, 1, 2, 0, 2, 5, 1, 1, 2, 1, 4, 1, 4, 5, 1, 3, 2, 1, 2, 0, 5, 3, 1, 1, 4, 1, 1, 2, 8, 3, 0, 2, 3, 4, 3, 2, 1, 4, 2, 2, 2, 0, 4, 1, 1, 2, 5, 1, 1, 1, 1, 1, 1, 1, 2, 2, 2, 1, 1, 1, 3, 1, 3, 3, 0, 3, 1, 2, 2, 3, 1, 1, 5, 2, 3, 3, 4, 6, 9, 4, 1, 3, 5, 2, 2, 4, 4, 1, 1, 2, 2, 1, 0, 7, 1, 0, 2, 5, 1, 2, 7, 2, 7, 1, 1, 1, 1, 1, 1, 2, 2, 2, 2, 1, 1, 4, 4, 1, 2, 0, 2, 1, 1, 1, 2, 3, 0, 0, 1, 1, 2, 1, 1, 1, 4, 2, 3, 0, 7, 7, 2, 2, 1, 1, 0, 2, 2, 2, 2, 1, 2, 1, 2, 3, 4, 10, 2, 1, 1, 2, 1, 1, 5, 0, 5, 5, 1, 2, 12, 4, 3, 0, 2, 2, 1, 3, 2, 1, 2, 1, 2, 2, 3, 2, 2, 2, 2, 3, 1, 3, 1, 2, 5, 2, 4, 2, 1, 3, 3, 1, 17, 4, 1, 1, 3, 4, 4, 1, 3, 2, 3, 3, 1, 1, 1, 2, 1, 1, 2, 1, 4, 1, 2, 4, 3, 2, 2, 5, 1, 1, 1, 0, 1, 4, 1, 0, 0, 0, 2, 2, 2, 1, 2, 0, 2, 3, 3, 3, 1, 2, 2, 1, 3, 2, 4, 3, 5, 4, 2, 6, 2, 1, 6, 3, 6, 1, 2, 1, 1, 2, 0, 2, 2, 4, 3, 2, 1, 3, 2, 5, 2, 2, 2, 2, 1, 2, 1, 1, 8, 1, 1, 2, 1, 3, 1, 1, 1, 3, 2, 3, 3, 3, 2, 6, 3, 1, 5, 1, 1, 4, 2, 3, 3, 2, 7, 2, 1, 2, 4, 2, 1, 8, 2, 4, 2, 1, 1, 1, 5, 3, 2, 3, 6, 5, 2, 2, 2, 4, 2, 3, 1, 1, 1, 2, 2, 2, 2, 0, 1, 1, 1, 2, 2, 0, 3, 0, 2, 3, 2, 7, 0, 4, 2, 2, 1, 1, 0, 2, 2, 5, 0, 2, 2, 1, 4, 7, 1, 1, 3, 1, 2, 2, 2, 1, 3, 1, 1, 8, 0, 2, 2, 1, 5, 1, 1, 3, 4, 3, 2, 1, 1, 2, 2, 2, 2, 2, 2, 1, 2, 2, 2, 0, 9, 1, 3, 2, 1, 3, 1, 1, 1, 1, 1, 4, 2, 2, 2, 2, 0, 1, 4, 2, 4, 1, 2, 2, 1, 1, 2, 4, 2, 5, 2, 2, 1, 2, 1, 2, 2, 4, 0, 2, 1, 1, 2, 1, 2, 1, 1, 4, 2, 1, 4, 0, 2, 4, 2, 1, 1, 2, 1, 2, 0, 1, 1, 1, 1, 3, 1, 1, 2, 1, 2, 2, 1, 1, 1, 2, 0, 2, 1, 1, 1, 2, 1, 0, 0, 1, 1, 0, 0, 2, 1, 0, 1, 3, 2, 0, 3, 2, 2, 1, 2, 2, 3, 2, 3, 3, 0, 0, 6, 1, 1, 2, 2, 0, 1, 2, 2, 3, 3, 1, 2, 4, 1, 3, 2, 2, 1, 1, 2, 0, 1, 2, 7, 0, 4, 1, 3, 2, 2, 0, 1, 0, 1, 2, 1, 2, 1, 1, 1, 2, 2, 5, 0, 7, 2, 2, 2, 1, 1, 1, 3, 1, 3, 2, 0, 1, 2, 0, 1, 1, 2, 2, 1, 4, 2, 1, 3, 1, 7, 1, 1, 4, 2, 2, 1, 2, 2, 4, 6, 6, 0, 0, 2, 4, 1, 2, 2, 1, 2, 1, 3, 1, 1, 1, 1, 4, 1, 1, 2, 2, 2, 1, 2, 2, 5, 1, 3, 0, 1, 4, 0, 4, 6, 2, 2, 4, 2, 4, 1, 2, 1, 1, 2, 2, 2, 2, 2, 0, 1, 2, 5, 3, 2, 2, 0, 2, 3, 1, 3, 1, 2, 1, 2, 0, 5]"
MacIntyre,0.013434403531580765,0.006926540475823215,0.5099230342602985,0.0,Anti-teorethical,188,136143,"[3, 3, 44, 15, 2, 1, 1, 1, 1, 6, 2, 2, 3, 3, 8, 8, 12, 1, 1, 2, 1, 9, 1, 93, 34, 26, 6, 19, 17, 2, 3, 19, 8, 14, 17, 20, 3, 1, 120, 1, 8, 3, 7, 1, 13, 12, 3, 1, 3, 2, 1, 1, 1, 1, 1, 14, 15, 17, 16, 4, 12, 5, 10, 5, 18, 5, 23, 1, 22, 2, 1, 1, 1, 2, 1, 1, 1, 1, 16, 17, 1, 1, 2, 3, 3, 8, 1, 1, 1, 1, 31, 1, 1, 4, 19, 6, 30, 18, 16, 1, 3, 1, 11, 10, 4, 7, 11, 1, 2, 9, 1, 1, 4, 3, 1, 8, 10, 9, 1, 6, 1, 9, 29, 1, 6, 0, 30, 244, 34, 6, 8, 1, 1, 17, 3, 31, 3, 3, 35, 23, 6, 5, 11, 22, 11, 2, 5, 6, 1, 5, 5, 4, 11, 1, 1, 1, 2, 17, 3, 6, 4, 1, 6, 7, 7, 12, 7, 8, 6, 10, 9, 1, 2, 4, 2, 10, 5, 5, 8, 6, 1, 4, 4, 10, 9, 2, 14, 1]"
Foot,0.013627803458311933,0.00716772242195971,0.48174619770980515,0.0,Anti-teorethical,181,87615,"[1, 1, 6, 3, 1, 1, 1, 2, 1, 3, 1, 1, 3, 6, 2, 2, 4, 13, 8, 2, 1, 1, 1, 24, 1, 7, 1, 1, 25, 6, 4, 5, 12, 3, 3, 24, 9, 1, 2, 1, 2, 5, 6, 6, 35, 11, 1, 2, 1, 1, 4, 1, 1, 1, 1, 2, 1, 2, 20, 24, 2, 1, 1, 1, 1, 19, 47, 1, 1, 2, 5, 5, 1, 1, 3, 1, 3, 11, 1, 5, 2, 3, 6, 6, 6, 19, 1, 1, 2, 6, 1, 13, 1, 1, 3, 2, 1, 2, 3, 4, 1, 1, 4, 13, 1, 1, 1, 1, 4, 12, 50, 7, 5, 43, 34, 1, 2, 3, 9, 2, 32, 3, 2, 4, 5, 26, 1, 7, 5, 3, 4, 35, 3, 4, 3, 4, 7, 6, 2, 7, 7, 23, 5, 6, 2, 1, 9, 36, 3, 5, 4, 24, 6, 3, 20, 2, 1, 1, 6, 1, 1, 1, 1, 4, 5, 6, 9, 2, 2, 9, 12, 6, 1, 13, 5, 18, 38, 6, 7, 2, 7]"
Williamson,0.020833333333333332,0.00025153882575757575,0.4351233199731989,7.999555993181647e-302,Most cited analytical,1286,135168,"[9, 1, 1, 10, 1, 4, 1, 1, 19, 17, 3, 8, 2, 2, 1, 1, 14, 21, 12, 11, 2, 2, 2, 11, 4, 8, 5, 8, 12, 9, 4, 4, 1, 4, 3, 5, 2, 10, 4, 4, 12, 3, 6, 20, 1, 11, 11, 4, 10, 1, 6, 9, 2, 4, 4, 1, 2, 3, 11, 5, 5, 1, 7, 3, 3, 8, 9, 16, 3, 2, 1, 1, 2, 2, 17, 2, 1, 5, 1, 5, 2, 7, 2, 3, 7, 1, 5, 4, 17, 7, 8, 1, 5, 2, 3, 2, 3, 5, 3, 3, 10, 8, 2, 3, 10, 2, 21, 1, 3, 5, 6, 4, 5, 5, 2, 2, 6, 3, 1, 1, 3, 7, 0, 1, 0, 1, 0, 1, 2, 0, 1, 1, 2, 0, 9, 0, 0, 1, 1, 1, 1, 2, 9, 9, 2, 0, 0, 0, 1, 1, 0, 1, 1, 0, 0, 1, 0, 1, 1, 1, 1, 1, 1, 1, 16, 0, 0, 0, 0, 0, 1, 1, 2, 0, 0, 3, 4, 5, 3, 4, 1, 8, 4, 0, 0, 0, 0, 0, 0, 0, 1, 0, 0, 0, 0, 0, 10, 4, 6, 6, 6, 1, 1, 1, 1, 1, 1, 1, 1, 1, 1, 1, 1, 1, 1, 1, 4, 1, 1, 1, 3, 2, 1, 1, 1, 1, 1, 1, 1, 1, 1, 1, 1, 1, 1, 1, 1, 1, 1, 1, 1, 1, 1, 1, 1, 1, 1, 1, 1, 0, 1, 1, 3, 1, 7, 9, 5, 2, 1, 1, 1, 1, 6, 1, 1, 1, 1, 1, 1, 1, 1, 1, 1, 1, 1, 1, 1, 1, 1, 1, 1, 1, 1, 1, 1, 1, 1, 3, 1, 28, 1, 29, 1, 1, 29, 1, 32, 1, 1, 29, 1, 1, 28, 1, 1, 1, 1, 1, 1, 1, 4, 1, 8, 4, 1, 1, 1, 1, 1, 1, 1, 1, 1, 1, 1, 1, 1, 0, 0, 0, 1, 1, 0, 1, 1, 1, 1, 1, 1, 0, 0, 1, 1, 1, 0, 1, 0, 0, 7, 6, 3, 1, 1, 10, 6, 5, 4, 1, 1, 1, 5, 6, 1, 1, 1, 1, 1, 1, 1, 1, 1, 1, 2, 1, 1, 2, 2, 1, 1, 4, 4, 1, 1, 3, 1, 1, 3, 1, 11, 6, 1, 6, 4, 0, 0, 11, 1, 4, 2, 4, 2, 0, 2, 0, 0, 1, 4, 2, 1, 1, 0, 7, 3, 12, 1, 3, 1, 0, 0, 0, 11, 0, 4, 4, 3, 9, 5, 2, 5, 5, 4, 7, 1, 1, 1, 1, 1, 1, 1, 6, 3, 6, 4, 4, 6, 6, 1, 3, 1, 4, 1, 1, 3, 2, 3, 1, 3, 2, 2, 1, 1, 1, 1, 1, 1, 1, 1, 1, 1, 1, 1, 1, 1, 1, 1, 1, 1, 1, 1, 1, 1, 1, 1, 1, 1, 1, 1, 1, 1, 1, 1, 1, 1, 1, 1, 1, 1, 1, 1, 1, 1, 1, 7, 1, 1, 1, 2, 5, 5, 5, 1, 3, 3, 2, 3, 7, 10, 0, 0, 0, 0, 0, 0, 0, 0, 0, 3, 1, 0, 1, 12, 1, 2, 8, 1, 6, 11, 2, 1, 0, 0, 0, 0, 8, 0, 0, 0, 0, 0, 0, 0, 0, 0, 0, 4, 7, 2, 0, 0, 0, 0, 2, 7, 0, 0, 0, 1, 8, 2, 1, 0, 0, 0, 0, 1, 1, 5, 7, 5, 7, 0, 0, 0, 0, 0, 1, 0, 0, 20, 3, 4, 4, 4, 2, 1, 1, 0, 0, 0, 0, 2, 3, 22, 1, 1, 1, 1, 1, 1, 6, 1, 1, 6, 5, 7, 2, 1, 1, 1, 1, 1, 1, 1, 1, 2, 2, 0, 1, 7, 4, 0, 0, 0, 0, 6, 0, 3, 2, 0, 3, 10, 10, 7, 0, 0, 6, 2, 4, 7, 5, 5, 6, 0, 4, 7, 1, 1, 8, 1, 12, 2, 5, 1, 1, 3, 7, 6, 3, 7, 2, 4, 1, 0, 0, 1, 1, 1, 9, 2, 1, 2, 1, 4, 3, 6, 4, 0, 0, 0, 0, 0, 0, 0, 0, 0, 1, 2, 4, 5, 3, 1, 3, 3, 2, 8, 2, 5, 9, 3, 5, 1, 1, 4, 1, 1, 1, 6, 2, 3, 3, 7, 2, 2, 3, 3, 3, 12, 1, 3, 6, 15, 3, 2, 2, 3, 1, 2, 1, 3, 14, 3, 7, 7, 3, 13, 4, 1, 1, 1, 10, 14, 0, 0, 2, 1, 3, 5, 2, 1, 4, 4, 2, 2, 3, 3, 2, 1, 1, 1, 2, 2, 3, 1, 1, 2, 1, 1, 4, 3, 3, 5, 7, 1, 1, 4, 1, 1, 0, 0, 0, 0, 0, 4, 23, 1, 1, 4, 6, 4, 1, 1, 1, 2, 1, 2, 1, 0, 1, 4, 4, 2, 2, 3, 2, 0, 0, 0, 2, 2, 2, 2, 3, 2, 1, 1, 1, 2, 11, 2, 2, 9, 2, 2, 3, 5, 1, 1, 2, 4, 5, 1, 2, 2, 1, 0, 0, 0, 0, 0, 0, 2, 0, 0, 0, 0, 0, 1, 0, 1, 1, 4, 1, 2, 14, 13, 3, 1, 3, 0, 0, 0, 0, 0, 0, 0, 1, 2, 1, 0, 0, 0, 0, 1, 1, 2, 0, 0, 0, 0, 4, 0, 0, 1, 0, 0, 0, 0, 0, 0, 0, 0, 0, 0, 0, 0, 0, 0, 0, 0, 0, 0, 0, 1, 1, 0, 1, 0, 1, 0, 0, 0, 1, 1, 0, 0, 0, 0, 1, 1, 1, 1, 0, 0, 0, 0, 1, 1, 1, 1, 1, 1, 1, 0, 1, 1, 1, 1, 0, 0, 0, 1, 1, 0, 0, 0, 0, 0, 0, 0, 0, 1, 1, 1, 1, 1, 1, 0, 0, 0, 0, 1, 1, 0, 0, 1, 1, 1, 0, 0, 1, 0, 0, 1, 1, 1, 1, 1, 1, 1, 0, 0, 0, 0, 0, 0, 1, 1, 0, 0, 1, 1, 1, 0, 0, 0, 0, 1, 0, 0, 1, 0, 1, 1, 1, 0, 0, 0, 0, 1, 0, 0, 0, 0, 0, 1, 1, 1, 1, 1, 1, 0, 1, 0, 1, 0, 1, 0, 1, 0, 0, 3, 2, 2, 15, 1, 0, 0, 1, 0, 0, 0, 0, 0, 2, 2, 1, 1, 1, 0, 0, 0, 0, 0, 2, 0, 1, 1, 1, 1, 1, 1, 7, 7, 12, 1, 1, 1, 1, 1, 1, 1, 1, 0, 1, 0, 0, 3, 0, 0, 0, 0, 0, 0, 0, 0, 1, 3, 3, 0, 1, 0, 1, 1, 0, 1, 1, 1, 0, 0, 1, 0, 0, 1, 0, 0, 0, 0, 0, 0, 0, 0, 0, 0, 0, 0, 0, 1, 0, 0, 0, 0, 0, 0, 1, 0, 0, 0, 0, 0, 0, 0, 0, 0, 0, 0, 0, 0, 0, 0, 0, 0, 0, 0, 0, 0, 0, 0, 0, 0, 0, 0, 0, 1, 6, 1, 0, 1, 1, 1, 1, 1, 1, 0, 1, 2, 1, 1, 1, 0, 1, 1, 0, 1, 1, 1, 1, 0, 0, 0, 0, 0, 0, 0, 0, 0, 1, 0, 1, 0, 2, 3, 3, 3, 1, 0, 0, 0, 1, 2, 0, 1, 0, 0, 2, 2, 0, 0, 0, 0, 0, 0, 0, 0, 0, 0, 0, 0, 0, 0, 0, 1, 1, 1, 1, 2, 1, 2, 2, 1, 0, 1, 1, 1, 1, 1, 1, 1, 1, 1, 1, 1, 1, 1, 1, 1, 1, 1, 1, 1, 1, 1, 1, 1, 1, 1, 1, 1, 1, 3, 3, 4, 3, 4, 4, 4, 4, 4, 4, 2, 2, 3, 3, 3, 3, 3, 3]"
Quine,0.02202214072147921,0.004768640471612614,0.3321564039509676,8.425615215790353e-224,Most cited analytical,741,118063,"[4, 7, 6, 2, 6, 2, 1, 6, 4, 4, 4, 1, 5, 4, 2, 2, 7, 1, 2, 3, 5, 1, 1, 1, 3, 2, 2, 3, 1, 3, 15, 54, 1, 3, 6, 1, 2, 2, 1, 4, 2, 9, 8, 15, 4, 8, 1, 3, 2, 1, 2, 2, 2, 15, 4, 2, 13, 2, 18, 3, 6, 3, 5, 2, 2, 2, 6, 3, 2, 5, 8, 3, 5, 1, 4, 4, 2, 1, 2, 1, 2, 1, 2, 2, 2, 2, 2, 2, 9, 2, 1, 1, 1, 1, 1, 2, 1, 1, 1, 4, 3, 10, 1, 5, 5, 1, 5, 2, 2, 3, 6, 1, 4, 4, 5, 1, 1, 1, 1, 4, 1, 1, 4, 3, 1, 2, 1, 4, 2, 2, 3, 1, 1, 2, 2, 4, 4, 14, 3, 2, 6, 1, 1, 2, 1, 3, 3, 11, 1, 2, 2, 1, 1, 1, 5, 1, 1, 4, 4, 2, 6, 2, 4, 11, 2, 1, 6, 9, 1, 4, 7, 4, 1, 2, 1, 10, 4, 8, 1, 2, 4, 1, 3, 11, 2, 14, 1, 1, 1, 2, 2, 2, 2, 3, 2, 3, 2, 2, 6, 2, 2, 4, 1, 1, 7, 2, 2, 1, 1, 1, 1, 2, 1, 4, 2, 1, 1, 10, 1, 2, 1, 2, 3, 3, 2, 2, 1, 15, 6, 6, 15, 1, 4, 1, 1, 1, 1, 8, 1, 1, 1, 3, 7, 1, 1, 1, 5, 4, 1, 2, 2, 2, 2, 6, 4, 3, 2, 1, 1, 1, 1, 1, 1, 2, 1, 2, 3, 4, 1, 1, 3, 1, 4, 1, 5, 1, 2, 1, 1, 1, 5, 1, 8, 1, 1, 6, 1, 2, 1, 1, 3, 1, 1, 3, 2, 1, 2, 1, 1, 6, 1, 2, 15, 2, 1, 2, 1, 3, 53, 1, 1, 26, 1, 2, 1, 6, 6, 1, 1, 1, 7, 6, 8, 13, 16, 16, 2, 1, 1, 0, 1, 1, 1, 1, 1, 1, 2, 4, 1, 1, 1, 1, 1, 1, 1, 1, 0, 0, 0, 1, 1, 0, 1, 1, 1, 1, 1, 1, 1, 2, 2, 3, 4, 1, 2, 1, 1, 1, 2, 1, 2, 1, 1, 1, 2, 1, 2, 5, 1, 2, 1, 2, 2, 1, 12, 3, 2, 1, 2, 1, 20, 2, 1, 10, 4, 1, 2, 1, 1, 1, 0, 1, 1, 1, 1, 1, 1, 1, 3, 2, 7, 1, 4, 1, 6, 1, 3, 2, 1, 2, 1, 4, 13, 1, 2, 1, 5, 1, 3, 2, 1, 1, 21, 2, 2, 2, 6, 10, 5, 1, 2, 4, 4, 4, 4, 1, 1, 17, 2, 4, 1, 12, 2, 2, 4, 4, 2, 9, 4, 1, 5, 7, 1, 5, 1, 1, 13, 0, 2, 4, 9, 6, 7, 7, 4, 4, 4, 0, 2, 7, 1, 2, 6, 2, 2, 1, 1, 1, 1, 2, 1, 2, 2, 8, 12, 4, 1, 2, 1, 1, 3, 1, 3, 6, 12, 1, 2, 4, 3, 2, 1, 4, 3, 3, 2, 2, 1, 1, 36, 3, 1, 6, 3, 3, 1, 5, 1, 8, 1, 2, 4, 1, 1, 1, 2, 3, 1, 1, 1, 7, 1, 4, 4, 4, 3, 1, 4, 1, 20, 3, 3, 2, 7, 11, 2, 4, 1, 5, 2, 1, 1, 10, 1, 0, 6, 10, 1, 6, 38, 4, 1, 3, 2, 17, 3, 1, 1, 1, 1, 1, 1, 1, 1, 20, 3, 2, 1, 5, 2, 1, 1, 9, 1, 2, 1, 5, 1, 22, 6, 5, 13, 6, 3, 2, 3, 4, 4, 3, 2, 2, 2, 25, 2, 2, 9, 1, 2, 2, 7, 3, 3, 3, 3, 3, 2, 3, 0, 0, 0, 0, 2, 0, 1, 1, 0, 0, 0, 0, 0, 3, 6, 19, 8, 1, 12, 2, 0, 1, 1, 10, 2, 6, 2, 1, 7, 1, 4, 1, 1, 1, 2, 1, 3, 13, 4, 14, 1, 1, 1, 1, 5, 4, 5, 1, 1, 1, 1, 1, 1, 1, 6, 1, 1, 1, 5, 5, 4, 5, 4, 5, 4, 5, 3, 5, 5, 1, 4, 4, 1, 4, 7, 1, 3, 2, 5, 4, 6, 2, 6, 11, 4, 1, 2, 4, 1, 3, 4, 3, 1, 2, 2, 1, 3, 1, 5, 1, 3, 4, 7, 5, 18, 1, 3, 5, 1, 1, 1, 0, 1, 1, 20]"
Wright,0.02291385579363809,0.004413547074024103,0.36153193709739395,6.548926526723291e-201,Most cited analytical,437,87458,"[12, 6, 2, 0, 4, 5, 4, 4, 5, 5, 3, 2, 5, 3, 3, 2, 3, 4, 1, 3, 4, 5, 1, 3, 4, 5, 4, 3, 8, 6, 7, 1, 2, 14, 2, 1, 6, 6, 1, 1, 5, 1, 1, 4, 5, 1, 1, 1, 3, 1, 2, 1, 1, 1, 1, 1, 1, 1, 1, 5, 4, 20, 1, 23, 1, 1, 1, 1, 1, 1, 1, 12, 3, 4, 1, 2, 1, 1, 15, 2, 4, 14, 10, 1, 2, 1, 1, 1, 2, 17, 1, 2, 1, 1, 1, 6, 1, 2, 2, 1, 7, 1, 10, 10, 2, 5, 1, 20, 3, 9, 4, 2, 2, 1, 2, 1, 1, 1, 1, 8, 6, 6, 5, 1, 3, 9, 5, 3, 1, 20, 1, 1, 1, 1, 3, 6, 1, 1, 1, 1, 1, 1, 1, 3, 4, 2, 2, 3, 1, 1, 1, 1, 1, 1, 1, 1, 1, 1, 1, 1, 1, 1, 1, 3, 1, 1, 1, 1, 1, 1, 1, 1, 2, 2, 1, 1, 1, 1, 2, 1, 1, 4, 2, 2, 1, 1, 1, 1, 2, 1, 1, 1, 1, 1, 1, 1, 2, 1, 2, 1, 14, 1, 1, 1, 1, 2, 9, 9, 4, 9, 3, 2, 1, 7, 4, 1, 2, 3, 1, 5, 4, 5, 1, 5, 5, 1, 1, 8, 1, 1, 2, 10, 3, 5, 14, 17, 18, 1, 7, 5, 10, 6, 15, 8, 1, 10, 1, 1, 2, 1, 10, 4, 13, 26, 4, 5, 5, 6, 3, 2, 3, 18, 1, 4, 2, 1, 1, 6, 6, 15, 1, 2, 13, 2, 1, 15, 2, 1, 3, 9, 1, 1, 3, 6, 1, 39, 2, 1, 1, 3, 3, 1, 3, 1, 5, 2, 2, 12, 1, 1, 39, 9, 18, 1, 12, 4, 18, 3, 6, 3, 24, 18, 7, 15, 28, 1, 1, 5, 4, 4, 3, 2, 4, 2, 31, 1, 8, 5, 5, 3, 1, 2, 1, 1, 7, 5, 7, 2, 21, 8, 13, 9, 1, 3, 2, 3, 3, 3, 12, 5, 5, 1, 8, 5, 30, 1, 6, 4, 21, 12, 3, 2, 5, 1, 1, 1, 12, 1, 1, 2, 50, 31, 3, 26, 5, 10, 5, 2, 6, 10, 3, 3, 10, 47, 13, 3, 1, 1, 3, 1, 1, 1, 1, 1, 1, 1, 1, 6, 1, 1, 1, 2, 1, 0, 0, 1, 10, 1, 0, 1, 3, 1, 1, 10, 1, 1, 12, 6, 2, 1, 12, 2, 16, 2, 6, 1, 1, 1, 1, 1, 1, 1, 1, 1, 1, 1, 1]"
McDowell,0.025133871553613067,0.010979225009666874,0.39398177364626596,3.086131343489803e-232,Anti-teorethical,326,85343,"[1, 9, 1, 3, 2, 2, 2, 5, 3, 29, 6, 4, 2, 2, 9, 7, 14, 2, 5, 28, 2, 3, 2, 6, 3, 2, 6, 2, 2, 2, 2, 11, 3, 20, 2, 10, 2, 1, 2, 2, 3, 6, 1, 5, 2, 3, 6, 1, 4, 1, 13, 23, 1, 28, 8, 7, 2, 19, 8, 7, 10, 3, 1, 1, 11, 3, 2, 18, 20, 8, 1, 3, 17, 5, 7, 5, 3, 7, 18, 1, 12, 7, 7, 15, 1, 19, 3, 39, 1, 11, 2, 2, 3, 0, 1, 5, 4, 1, 1, 7, 5, 12, 29, 1, 3, 4, 4, 6, 10, 1, 10, 1, 1, 1, 4, 1, 3, 1, 1, 1, 16, 4, 1, 4, 3, 7, 1, 1, 8, 3, 4, 1, 2, 1, 5, 9, 0, 20, 4, 7, 5, 34, 3, 2, 1, 3, 17, 9, 4, 2, 4, 5, 2, 22, 2, 13, 1, 2, 1, 3, 5, 2, 25, 13, 1, 7, 1, 3, 1, 1, 3, 24, 2, 27, 1, 1, 3, 1, 5, 3, 3, 5, 4, 6, 1, 28, 10, 14, 2, 4, 3, 2, 14, 8, 1, 1, 2, 5, 5, 6, 1, 1, 1, 3, 6, 3, 2, 2, 1, 1, 1, 6, 1, 3, 20, 4, 3, 1, 2, 6, 3, 13, 11, 4, 5, 20, 3, 13, 3, 19, 2, 2, 3, 18, 2, 2, 17, 20, 6, 1, 10, 6, 3, 1, 5, 5, 10, 2, 6, 4, 13, 1, 2, 8, 3, 2, 6, 7, 6, 4, 3, 4, 41, 6, 33, 13, 11, 8, 7, 5, 22, 1, 3, 17, 4, 3, 4, 1, 10, 8, 9, 3, 2, 6, 10, 11, 6, 1, 21, 3, 29, 1, 17, 9, 10, 38, 6, 3, 3, 4, 3, 8, 7, 4, 2, 8, 5, 4, 1, 1, 1, 8, 10, 8, 2, 2, 36, 17, 4, 7, 7, 3, 3, 13, 2, 2]"
Murdoch,0.02651180406514329,0.01333165004418634,0.4947871672262818,4.054980122993946e-281,Anti-teorethical,163,39605,"[1, 1, 16, 7, 7, 4, 8, 11, 7, 12, 3, 2, 2, 2, 4, 1, 3, 3, 5, 1, 9, 6, 4, 27, 11, 7, 12, 3, 1, 1, 1, 1, 1, 1, 3, 3, 5, 32, 13, 7, 2, 6, 4, 14, 20, 7, 40, 2, 7, 7, 31, 5, 4, 6, 5, 2, 9, 4, 8, 11, 7, 3, 4, 2, 2, 4, 8, 10, 7, 4, 19, 6, 2, 5, 5, 1, 4, 3, 4, 2, 12, 6, 18, 6, 6, 8, 25, 1, 3, 1, 2, 19, 2, 4, 3, 2, 2, 5, 12, 4, 5, 2, 10, 2, 2, 9, 3, 21, 4, 12, 8, 4, 5, 1, 4, 13, 1, 11, 10, 7, 2, 4, 6, 1, 1, 4, 13, 6, 16, 9, 3, 4, 11, 5, 1, 12, 6, 6, 6, 3, 1, 1, 9, 12, 6, 6, 1, 1, 19, 32, 11, 1, 2, 1, 1, 1, 1, 1, 1, 1, 1, 1, 1]"
Winch,0.02701984194117505,0.012277352152161828,0.4350955297832131,2.1549090475487985e-190,Anti-teorethical,190,41377,"[3, 3, 2, 68, 1, 4, 4, 2, 3, 4, 5, 5, 14, 7, 1, 22, 3, 2, 5, 3, 3, 2, 5, 7, 1, 16, 0, 2, 7, 7, 2, 16, 8, 9, 4, 16, 1, 4, 1, 11, 1, 7, 1, 1, 14, 3, 12, 3, 2, 12, 3, 4, 21, 1, 2, 9, 0, 1, 12, 1, 2, 1, 1, 16, 21, 2, 2, 6, 2, 1, 23, 1, 6, 5, 1, 5, 8, 1, 11, 37, 7, 2, 12, 4, 17, 3, 1, 5, 2, 2, 1, 1, 1, 2, 1, 2, 1, 4, 17, 2, 1, 12, 2, 1, 4, 1, 2, 9, 4, 6, 6, 4, 1, 1, 15, 1, 1, 1, 7, 1, 1, 5, 2, 1, 36, 1, 1, 3, 1, 1, 4, 1, 14, 11, 3, 62, 9, 5, 4, 7, 21, 9, 3, 1, 2, 1, 1, 1, 1, 9, 1, 2, 6, 5, 2, 2, 1, 2, 2, 1, 2, 16, 1, 1, 2, 8, 2, 2, 1, 2, 7, 8, 1, 1, 16, 16, 3, 1, 3, 9, 4, 9, 14, 1, 7, 14, 3, 2, 1, 4]"
Burge,0.029097000559557704,0.0025338462025739656,0.3010272602113002,8.853319414800428e-218,Most cited analytical,2046,284153,"[1, 1, 1, 2, 4, 2, 3, 2, 5, 5, 2, 7, 3, 5, 13, 2, 1, 1, 4, 6, 3, 4, 4, 3, 5, 1, 1, 3, 2, 1, 3, 2, 14, 5, 3, 4, 4, 5, 4, 5, 2, 7, 3, 6, 1, 6, 7, 5, 2, 3, 2, 2, 6, 6, 2, 2, 3, 6, 1, 2, 3, 3, 2, 2, 5, 3, 7, 1, 7, 9, 11, 0, 5, 3, 3, 1, 3, 2, 1, 2, 4, 6, 2, 4, 4, 2, 2, 5, 1, 3, 5, 2, 4, 3, 3, 6, 5, 3, 1, 4, 3, 2, 2, 3, 1, 12, 2, 1, 1, 1, 1, 3, 4, 7, 1, 1, 7, 2, 2, 2, 1, 3, 1, 2, 1, 1, 3, 3, 8, 4, 2, 3, 4, 1, 3, 4, 4, 2, 5, 4, 9, 2, 3, 2, 1, 1, 2, 3, 8, 6, 4, 1, 1, 1, 1, 2, 1, 1, 1, 1, 11, 7, 5, 21, 11, 1, 5, 4, 1, 4, 1, 3, 15, 6, 8, 3, 5, 1, 1, 3, 4, 3, 8, 9, 3, 4, 1, 4, 2, 1, 1, 5, 1, 3, 1, 4, 3, 1, 4, 3, 3, 2, 1, 4, 4, 13, 5, 6, 6, 5, 6, 8, 3, 6, 6, 2, 1, 2, 7, 11, 5, 10, 9, 3, 4, 8, 3, 2, 11, 11, 10, 17, 7, 6, 11, 4, 5, 7, 1, 3, 1, 5, 2, 7, 8, 18, 2, 3, 2, 3, 2, 3, 2, 6, 7, 7, 4, 3, 2, 4, 4, 3, 4, 16, 5, 4, 3, 6, 5, 7, 4, 1, 3, 14, 1, 1, 1, 3, 3, 2, 5, 5, 12, 1, 6, 1, 2, 6, 1, 1, 3, 1, 4, 7, 10, 4, 10, 1, 4, 1, 5, 5, 5, 4, 9, 28, 8, 2, 6, 6, 20, 1, 4, 6, 1, 5, 4, 5, 6, 3, 1, 8, 3, 3, 4, 1, 5, 4, 3, 5, 1, 9, 8, 5, 8, 3, 1, 2, 1, 3, 5, 4, 1, 1, 2, 10, 10, 7, 3, 5, 5, 4, 1, 3, 4, 4, 1, 4, 2, 6, 5, 1, 3, 6, 1, 5, 4, 3, 5, 3, 4, 6, 1, 2, 4, 5, 4, 6, 6, 5, 1, 9, 4, 4, 1, 5, 1, 2, 3, 4, 5, 5, 4, 2, 20, 3, 3, 3, 4, 1, 2, 0, 5, 4, 4, 4, 2, 5, 3, 8, 5, 0, 3, 5, 0, 6, 4, 1, 2, 5, 0, 3, 12, 4, 2, 3, 0, 1, 4, 1, 0, 0, 3, 3, 3, 0, 2, 5, 1, 1, 1, 5, 1, 7, 1, 4, 2, 2, 1, 3, 11, 2, 1, 3, 3, 3, 5, 1, 3, 6, 4, 5, 15, 1, 2, 1, 2, 1, 3, 5, 32, 5, 3, 1, 4, 7, 6, 5, 2, 6, 5, 7, 8, 3, 43, 2, 37, 2, 2, 1, 2, 15, 4, 5, 2, 3, 3, 7, 3, 2, 5, 2, 1, 2, 3, 4, 3, 2, 2, 5, 3, 1, 2, 4, 4, 3, 0, 23, 4, 3, 1, 1, 15, 3, 7, 6, 6, 2, 3, 1, 4, 4, 9, 7, 3, 4, 1, 4, 11, 5, 3, 16, 4, 9, 7, 6, 15, 18, 5, 4, 3, 1, 2, 2, 4, 5, 1, 5, 1, 2, 6, 5, 4, 6, 14, 3, 1, 4, 4, 1, 4, 2, 7, 3, 1, 2, 2, 3, 4, 4, 15, 3, 3, 2, 19, 4, 3, 1, 6, 15, 4, 4, 10, 3, 11, 1, 4, 2, 4, 1, 3, 4, 1, 3, 1, 4, 5, 5, 4, 4, 5, 5, 1, 2, 1, 2, 3, 5, 5, 1, 1, 20, 1, 11, 4, 2, 10, 2, 2, 3, 5, 1, 1, 1, 1, 3, 4, 3, 5, 2, 6, 2, 2, 3, 3, 3, 1, 4, 3, 7, 3, 12, 6, 4, 5, 4, 3, 5, 8, 4, 12, 1, 16, 4, 3, 5, 3, 2, 2, 1, 3, 5, 3, 1, 7, 5, 2, 5, 3, 6, 6, 6, 1, 4, 2, 3, 7, 7, 11, 12, 3, 1, 1, 6, 2, 3, 4, 9, 2, 2, 14, 2, 3, 1, 6, 5, 1, 4, 1, 4, 5, 4, 6, 5, 1, 6, 3, 3, 5, 3, 6, 1, 1, 4, 1, 2, 1, 4, 1, 2, 3, 3, 17, 3, 4, 4, 2, 4, 8, 3, 3, 7, 5, 6, 2, 5, 4, 3, 5, 4, 5, 4, 4, 3, 10, 3, 4, 4, 2, 1, 15, 18, 4, 2, 3, 3, 4, 4, 4, 1, 4, 4, 4, 1, 2, 1, 4, 5, 5, 1, 4, 1, 8, 5, 5, 4, 1, 3, 2, 2, 2, 3, 6, 2, 5, 5, 5, 2, 1, 1, 2, 1, 4, 5, 1, 12, 7, 7, 5, 2, 1, 6, 2, 4, 6, 8, 1, 7, 5, 4, 3, 2, 1, 3, 5, 2, 2, 5, 8, 1, 4, 1, 6, 1, 4, 15, 7, 2, 2, 2, 13, 2, 13, 8, 1, 4, 2, 4, 6, 4, 2, 2, 3, 3, 6, 3, 5, 4, 14, 8, 1, 1, 3, 1, 3, 1, 3, 1, 7, 9, 5, 7, 10, 5, 20, 4, 4, 5, 5, 2, 6, 7, 31, 7, 4, 8, 1, 3, 1, 4, 5, 2, 2, 4, 5, 6, 4, 4, 16, 3, 3, 16, 3, 4, 1, 12, 2, 10, 3, 4, 1, 6, 10, 1, 20, 4, 8, 7, 5, 2, 2, 3, 5, 3, 2, 3, 12, 9, 17, 6, 11, 5, 4, 6, 5, 2, 1, 4, 1, 3, 11, 2, 1, 12, 3, 7, 8, 4, 11, 10, 5, 5, 1, 5, 6, 1, 2, 1, 1, 3, 1, 1, 2, 1, 5, 1, 2, 2, 7, 1, 5, 2, 1, 2, 5, 2, 8, 1, 3, 1, 4, 1, 4, 7, 3, 4, 2, 1, 5, 2, 1, 1, 0, 1, 10, 1, 4, 1, 1, 2, 1, 1, 2, 2, 6, 4, 4, 6, 20, 1, 13, 1, 2, 3, 1, 2, 5, 15, 1, 7, 3, 17, 3, 14, 3, 2, 22, 2, 8, 3, 3, 5, 5, 15, 1, 1, 14, 3, 15, 1, 4, 8, 6, 5, 6, 4, 18, 3, 3, 3, 1, 3, 6, 2, 7, 3, 6, 3, 5, 2, 5, 10, 2, 1, 1, 3, 9, 3, 5, 2, 4, 4, 1, 2, 2, 5, 11, 9, 8, 9, 2, 1, 7, 2, 4, 1, 3, 5, 10, 1, 3, 2, 18, 5, 1, 8, 4, 1, 4, 1, 3, 10, 5, 5, 1, 4, 5, 9, 2, 9, 9, 14, 1, 3, 3, 12, 4, 1, 4, 1, 2, 3, 3, 11, 3, 1, 3, 1, 3, 1, 4, 1, 3, 1, 4, 5, 2, 1, 3, 1, 1, 1, 4, 1, 4, 5, 4, 5, 4, 1, 1, 1, 7, 5, 6, 12, 30, 5, 1, 1, 3, 1, 3, 1, 9, 3, 1, 4, 1, 4, 4, 4, 3, 5, 12, 1, 4, 1, 4, 4, 5, 4, 1, 12, 5, 3, 4, 1, 4, 1, 2, 4, 1, 1, 1, 2, 5, 19, 53, 1, 1, 6, 2, 5, 3, 2, 1, 1, 1, 4, 1, 1, 1, 1, 1, 1, 3, 2, 2, 1, 4, 3, 3, 5, 18, 1, 1, 2, 1, 1, 1, 1, 1, 1, 4, 6, 12, 12, 1, 1, 8, 1, 1, 4, 3, 7, 1, 4, 4, 5, 2, 2, 1, 5, 0, 0, 6, 9, 3, 4, 3, 1, 1, 3, 5, 5, 8, 38, 1, 2, 2, 19, 4, 12, 3, 2, 8, 9, 7, 12, 4, 15, 1, 4, 1, 4, 3, 4, 9, 1, 2, 2, 2, 2, 1, 4, 7, 2, 3, 1, 3, 1, 1, 3, 6, 1, 11, 4, 3, 4, 2, 38, 2, 1, 5, 5, 10, 4, 6, 6, 1, 2, 3, 5, 3, 4, 5, 9, 6, 2, 1, 3, 2, 2, 2, 2, 11, 2, 5, 6, 2, 3, 1, 3, 15, 1, 10, 3, 3, 11, 2, 5, 8, 4, 10, 4, 4, 2, 2, 2, 10, 9, 10, 6, 16, 4, 5, 3, 4, 6, 5, 8, 5, 2, 5, 3, 3, 0, 2, 7, 3, 6, 3, 2, 7, 3, 5, 5, 5, 2, 7, 3, 5, 1, 4, 7, 2, 1, 4, 5, 1, 1, 3, 3, 3, 1, 3, 1, 9, 6, 1, 8, 4, 4, 2, 2, 13, 2, 3, 3, 7, 1, 4, 2, 9, 1, 2, 1, 4, 2, 2, 3, 4, 1, 2, 3, 5, 1, 5, 5, 4, 7, 4, 3, 7, 3, 7, 4, 3, 2, 3, 1, 3, 1, 1, 12, 5, 5, 4, 4, 4, 1, 3, 4, 11, 3, 4, 5, 1, 1, 1, 4, 10, 4, 1, 4, 2, 1, 8, 4, 7, 9, 2, 1, 14, 2, 4, 12, 3, 1, 2, 4, 8, 2, 9, 5, 4, 1, 6, 1, 3, 1, 3, 3, 4, 4, 4, 1, 4, 1, 4, 1, 4, 2, 1, 3, 5, 6, 1, 4, 5, 5, 5, 6, 4, 8, 1, 2, 1, 8, 3, 1, 3, 3, 1, 4, 3, 1, 5, 3, 3, 3, 3, 1, 3, 3, 3, 1, 4, 3, 1, 2, 3, 1, 4, 1, 4, 3, 1, 4, 4, 1, 1, 4, 3, 3, 3, 3, 3, 1, 4, 4, 1, 3, 4, 3, 1, 5, 1, 3, 4, 1, 3, 8, 5, 1, 2, 5, 5, 5, 1, 4, 1, 4, 3, 4, 1, 2, 4, 1, 4, 1, 3, 1, 4, 1, 4, 1, 4, 5, 5, 3, 3, 3, 3, 1, 2, 3, 3, 3, 3, 3, 3, 5, 3, 3, 3, 5, 4, 3, 4, 4, 5, 5, 4, 1, 4, 4, 4, 5, 1, 4, 3, 3, 3, 3, 3, 1, 4, 1, 4, 1, 7, 2, 5, 4, 4, 4, 3, 4, 1, 1, 3, 5, 3, 4, 5, 4, 2, 3, 2, 3, 4, 2, 4, 4, 5, 1, 4, 3, 4, 4, 5, 3, 5, 1, 4, 1, 4, 4, 4, 1, 4, 1, 5, 1, 4, 5, 4, 3, 4, 3, 5, 2, 5, 1, 7, 5, 4, 1, 3, 1, 4, 6, 6, 2, 4, 1, 3, 1, 7, 3, 1, 3, 4, 1, 3, 1, 4, 1, 3, 3, 1, 4, 1, 4, 5, 4, 1, 2, 5, 1, 4, 5, 4, 1, 4, 5, 6, 5, 5, 4, 5, 4, 5, 1, 3, 3, 1, 4, 1, 3, 4, 4, 4, 6, 5, 4, 4, 4, 4, 4, 2, 1, 6, 7, 7, 2, 4, 1, 4, 2, 1, 4, 5, 1, 4, 4, 2, 4, 1, 3, 4, 1, 3, 1, 4, 2, 5, 1, 2, 4, 2, 1, 4, 4, 4, 4, 1, 4, 4, 1, 5, 4, 4, 4, 4, 5, 5, 5, 5, 4, 5, 5, 4, 5, 5, 5, 5, 5, 5, 5, 4, 5, 5, 5, 5, 1, 7, 4, 4, 1, 4, 4, 3, 5, 1, 3, 1, 4, 1, 4, 1, 2, 4, 4, 1, 2, 1, 4, 5, 1, 4, 1, 4, 1, 3, 1, 3, 1, 4, 4, 5, 8, 2, 4, 3, 6, 3, 7, 2, 2, 8, 4, 1, 4, 4, 1, 4, 1, 3, 1, 3, 2, 5, 1, 3, 2, 4, 1, 4, 1, 3, 1, 4, 4, 5, 2, 2, 1, 4, 1, 2, 1, 1, 2, 1, 2, 2, 3, 4, 5, 2, 4, 1, 1, 2, 1, 1, 1, 2, 7, 4, 3, 1, 2, 4, 3, 1, 4, 3, 2, 3, 1, 2, 1, 2, 1, 2, 1, 2, 1, 1, 3, 3, 7, 2, 2, 5, 1, 2, 3, 2, 4, 1, 2, 3, 3, 1, 2, 3, 4, 2, 6, 4, 3, 3, 5, 1, 1, 3, 2, 3, 2, 3, 5, 4, 3, 3, 1, 2, 2, 2, 1, 1, 1, 2, 3, 3, 2, 2, 2, 4, 3, 4, 4, 2, 3, 2, 2, 2, 3, 3, 3, 5, 1, 1, 2, 4, 3, 2, 3, 2, 2, 3, 3, 2, 5, 2, 2, 2, 3, 3, 3, 2, 2, 1, 3, 2, 4, 6, 4, 3, 2, 3, 3]"
Anscombe,0.031851550730529185,0.012291063870489491,0.6088468246343373,0.0,Anti-teorethical,158,41819,"[1, 8, 6, 1, 2, 3, 15, 2, 8, 30, 4, 13, 3, 2, 6, 3, 5, 8, 56, 5, 9, 6, 4, 18, 4, 1, 1, 5, 19, 22, 9, 13, 10, 22, 5, 1, 6, 7, 15, 3, 1, 1, 24, 1, 11, 25, 3, 1, 1, 1, 4, 4, 1, 2, 1, 1, 29, 5, 24, 25, 1, 12, 2, 15, 5, 15, 19, 13, 7, 3, 14, 7, 4, 1, 23, 3, 11, 53, 4, 2, 11, 4, 21, 5, 4, 37, 4, 1, 1, 10, 18, 6, 22, 9, 1, 2, 3, 3, 8, 1, 1, 9, 1, 1, 1, 5, 2, 11, 7, 7, 48, 4, 51, 5, 2, 1, 2, 12, 27, 22, 1, 1, 1, 10, 1, 25, 15, 3, 2, 4, 7, 1, 1, 2, 6, 4, 3, 3, 9, 12, 1, 2, 4, 13, 11, 12, 4, 15, 1, 3, 1, 1, 1, 5, 6, 4, 3, 4]"
Baier,0.033613906392049905,0.011873412959653908,0.4078074172000009,0.0,Anti-teorethical,734,127596,"[12, 1, 1, 3, 3, 3, 6, 14, 6, 9, 20, 1, 1, 1, 1, 1, 3, 1, 5, 1, 3, 1, 1, 1, 5, 1, 1, 1, 1, 2, 3, 2, 1, 1, 1, 1, 1, 1, 1, 1, 1, 1, 1, 10, 1, 2, 20, 6, 0, 3, 1, 1, 2, 2, 1, 1, 1, 2, 1, 2, 9, 15, 2, 3, 1, 1, 1, 3, 16, 2, 18, 35, 3, 5, 4, 2, 3, 1, 1, 3, 1, 3, 3, 1, 1, 2, 4, 2, 4, 2, 8, 1, 4, 6, 6, 1, 18, 2, 19, 29, 1, 39, 1, 12, 4, 7, 1, 1, 3, 2, 2, 9, 4, 3, 7, 2, 1, 1, 4, 3, 7, 130, 11, 2, 15, 4, 0, 1, 1, 1, 1, 1, 1, 1, 1, 2, 14, 3, 37, 1, 4, 30, 26, 7, 19, 3, 1, 4, 1, 2, 2, 1, 1, 1, 2, 14, 1, 1, 3, 1, 11, 18, 4, 51, 1, 10, 23, 1, 1, 1, 1, 1, 16, 8, 6, 1, 23, 4, 2, 22, 2, 2, 2, 7, 5, 4, 1, 3, 1, 1, 3, 10, 1, 1, 20, 2, 2, 14, 14, 5, 1, 9, 1, 25, 1, 10, 12, 2, 5, 1, 1, 2, 63, 2, 17, 1, 22, 2, 2, 12, 14, 28, 5, 3, 3, 3, 11, 10, 2, 1, 4, 6, 1, 15, 1, 8, 16, 12, 2, 2, 0, 3, 23, 5, 5, 6, 12, 1, 20, 5, 1, 13, 20, 2, 2, 7, 3, 4, 2, 4, 1, 1, 18, 2, 14, 1, 4, 11, 1, 4, 4, 10, 10, 11, 11, 7, 6, 6, 8, 1, 9, 1, 1, 7, 9, 8, 1, 3, 8, 1, 1, 13, 27, 4, 2, 1, 2, 1, 21, 4, 16, 14, 6, 12, 27, 2, 13, 13, 6, 1, 1, 1, 3, 1, 1, 4, 2, 1, 21, 2, 9, 7, 1, 43, 22, 1, 12, 7, 2, 41, 3, 3, 5, 7, 1, 7, 6, 8, 13, 1, 1, 8, 9, 3, 3, 6, 2, 7, 1, 3, 5, 1, 14, 1, 3, 1, 1, 1, 1, 5, 0, 5, 39, 2, 3, 1, 1, 11, 10, 1, 1, 5, 12, 2, 1, 13, 7, 1, 1, 34, 2, 1, 1, 1, 25, 7, 6, 2, 27, 6, 3, 1, 2, 1, 2, 7, 1, 26, 2, 1, 2, 2, 26, 3, 1, 1, 1, 1, 1, 1, 4, 1, 1, 28, 6, 4, 2, 1, 42, 1, 1, 1, 8, 14, 1, 5, 8, 1, 1, 3, 1, 1, 1, 1, 10, 20, 1, 1, 2, 1, 2, 18, 11, 43, 6, 26, 1, 5, 5, 3, 1, 3, 1, 1, 1, 19, 1, 1, 17, 21, 6, 1, 8, 4, 1, 6, 0, 10, 12, 2, 3, 3, 9, 6, 3, 9, 2, 2, 1, 2, 7, 12, 5, 6, 4, 4, 12, 2, 2, 4, 7, 5, 2, 9, 2, 5, 5, 3, 5, 2, 3, 3, 10, 8, 14, 9, 5, 1, 5, 3, 4, 5, 3, 4, 9, 5, 4, 5, 2, 2, 5, 14, 4, 4, 4, 7, 5, 4, 1, 5, 6, 3, 5, 3, 1, 9, 5, 5, 5, 11, 3, 1, 5, 3, 5, 5, 1, 4, 3, 2, 5, 2, 5, 10, 6, 11, 1, 5, 4, 5, 5, 4, 2, 3, 6, 4, 5, 2, 4, 3, 10, 5, 5, 5, 3, 6, 1, 4, 3, 5, 5, 3, 4, 4, 12, 3, 4, 4, 2, 3, 2, 3, 4, 12, 3, 4, 4, 5, 5, 5, 6, 5, 1, 7, 3, 5, 4, 3, 3, 1, 5, 12, 4, 11, 10, 4, 2, 5, 3, 1, 1, 4, 8, 7, 3, 9, 5, 4, 3, 6, 3, 4, 4, 5, 1, 4, 4, 11, 6, 3, 4, 5, 3, 11, 14, 5, 5, 4, 11, 7, 5, 7, 7, 5, 3, 2, 5, 2, 2, 3, 1, 4, 2, 3, 1, 5, 4, 4, 6, 3, 3, 6, 5, 3, 5, 4, 5, 4, 1, 3, 1, 3, 1, 11, 5, 2, 6, 1, 7, 7, 2, 5, 5, 3, 5, 5, 3, 7, 5, 2, 2, 5, 4, 7, 2, 1, 3, 11, 10, 3, 2, 3, 6, 5, 4, 5, 4, 4, 4, 4, 3, 4, 5, 1, 5, 3, 2, 3, 6, 4, 3, 3, 13, 1]"
Davidson,0.0378340723873442,0.007834971236816875,0.7271577252279023,0.0,Most cited analytical,809,133504,"[2, 1, 1, 1, 5, 3, 1, 16, 4, 4, 1, 7, 1, 10, 14, 4, 5, 2, 5, 2, 3, 7, 1, 5, 1, 1, 5, 1, 3, 4, 2, 4, 4, 20, 4, 19, 7, 4, 1, 9, 4, 2, 7, 1, 1, 9, 38, 4, 1, 1, 1, 6, 6, 6, 5, 2, 2, 4, 6, 3, 4, 6, 2, 3, 3, 1, 3, 3, 1, 1, 12, 2, 2, 3, 3, 5, 3, 2, 2, 13, 4, 13, 11, 3, 2, 9, 2, 3, 6, 3, 5, 3, 4, 4, 2, 3, 3, 4, 3, 4, 13, 8, 2, 2, 1, 3, 4, 2, 2, 2, 2, 6, 6, 1, 1, 16, 2, 1, 1, 14, 5, 5, 4, 2, 4, 4, 6, 1, 6, 2, 3, 2, 7, 1, 14, 4, 8, 11, 7, 5, 4, 8, 4, 11, 4, 32, 7, 2, 6, 12, 3, 3, 7, 13, 4, 10, 38, 14, 3, 4, 2, 2, 5, 0, 0, 29, 18, 6, 18, 11, 14, 17, 52, 6, 3, 10, 2, 2, 2, 10, 4, 9, 6, 3, 4, 3, 2, 3, 2, 3, 1, 7, 27, 3, 2, 1, 6, 4, 4, 3, 44, 11, 12, 2, 15, 5, 6, 4, 5, 6, 7, 1, 3, 1, 12, 10, 13, 5, 12, 5, 17, 5, 6, 9, 19, 4, 9, 5, 14, 4, 10, 6, 11, 4, 3, 34, 4, 15, 3, 2, 2, 6, 12, 44, 10, 5, 11, 3, 11, 3, 2, 6, 33, 15, 1, 7, 2, 4, 3, 11, 4, 6, 0, 5, 3, 3, 5, 1, 3, 7, 4, 7, 3, 13, 18, 1, 11, 13, 16, 5, 23, 5, 5, 13, 13, 10, 0, 0, 0, 0, 0, 0, 0, 10, 0, 0, 11, 2, 3, 2, 8, 8, 4, 4, 4, 3, 2, 9, 7, 28, 1, 35, 3, 6, 7, 16, 4, 1, 3, 5, 7, 1, 3, 5, 17, 5, 3, 2, 3, 7, 4, 15, 9, 6, 6, 2, 2, 2, 2, 2, 3, 8, 5, 1, 4, 5, 3, 9, 5, 3, 1, 21, 3, 4, 3, 7, 3, 4, 17, 11, 11, 3, 2, 5, 9, 3, 13, 5, 3, 4, 2, 2, 2, 2, 5, 4, 4, 3, 19, 4, 1, 5, 10, 18, 7, 13, 4, 0, 2, 2, 0, 5, 3, 1, 6, 1, 23, 1, 1, 1, 2, 4, 6, 2, 2, 2, 0, 2, 6, 12, 2, 1, 1, 0, 1, 1, 0, 0, 4, 1, 1, 3, 3, 3, 1, 8, 7, 3, 5, 1, 1, 3, 3, 5, 2, 6, 7, 4, 11, 20, 2, 2, 3, 3, 4, 4, 4, 6, 2, 10, 1, 1, 1, 3, 6, 15, 4, 3, 24, 3, 3, 14, 10, 13, 20, 10, 2, 5, 7, 8, 10, 6, 6, 2, 10, 2, 2, 27, 9, 4, 2, 5, 4, 1, 21, 7, 3, 9, 11, 22, 3, 4, 5, 3, 3, 21, 6, 3, 3, 4, 4, 13, 1, 6, 3, 1, 1, 1, 7, 4, 4, 5, 14, 2, 2, 4, 15, 1, 8, 4, 16, 18, 7, 5, 1, 6, 6, 6, 6, 4, 17, 5, 20, 1, 1, 13, 1, 1, 1, 3, 1, 2, 1, 1, 2, 2, 2, 2, 4, 13, 3, 3, 13, 3, 6, 9, 10, 12, 5, 1, 3, 10, 23, 6, 24, 6, 3, 2, 3, 2, 5, 1, 16, 2, 4, 8, 3, 4, 7, 1, 5, 22, 5, 1, 5, 15, 18, 3, 5, 2, 6, 7, 6, 0, 0, 0, 4, 10, 0, 0, 0, 1, 0, 1, 0, 4, 9, 6, 2, 20, 4, 5, 4, 5, 2, 5, 13, 2, 2, 3, 3, 2, 12, 25, 3, 3, 21, 7, 3, 7, 4, 3, 5, 4, 4, 4, 1, 4, 6, 16, 7, 6, 1, 3, 2, 9, 4, 1, 1, 2, 2, 7, 3, 45, 5, 7, 7, 6, 2, 2, 9, 6, 7, 3, 8, 7, 4, 9, 4, 3, 2, 6, 4, 4, 4, 9, 2, 7, 1, 5, 3, 14, 3, 2, 2, 27, 6, 52, 2, 2, 1, 14, 1, 55, 1, 5, 19, 14, 23, 1, 6, 2, 2, 7, 3, 4, 4, 9, 13, 13, 7, 1, 2, 3, 21, 1, 1, 3, 2, 2, 4, 3, 19, 1, 11, 13, 5, 9, 15, 18, 10, 6, 9, 2, 3, 1, 2, 3, 2, 1, 1, 3, 13, 3, 2, 3, 6, 8, 9, 32, 5, 8, 2, 6, 20, 3, 1, 7, 1, 2, 5, 9, 24, 38, 1, 10, 26, 3, 5, 5, 12, 5, 6, 3, 3, 7, 5, 2, 3, 8, 2, 2, 8, 3, 10, 8, 17, 6, 2, 1, 6, 4, 1, 4, 8, 7, 3, 3, 5, 2, 7, 1, 8, 1, 7, 1, 7, 1, 1]"
Dummett,0.039281922594344175,0.021096009803663506,0.8972071807317367,0.0,Most cited analytical,1425,341913,"[4, 6, 11, 4, 10, 2, 21, 65, 2, 47, 8, 2, 12, 7, 42, 36, 4, 10, 28, 1, 3, 50, 6, 68, 10, 11, 17, 1, 14, 8, 5, 11, 13, 9, 14, 8, 10, 4, 21, 2, 1, 49, 4, 6, 9, 39, 5, 3, 0, 0, 5, 1, 3, 2, 25, 1, 10, 1, 5, 20, 11, 2, 1, 1, 1, 23, 11, 4, 18, 1, 0, 0, 0, 0, 0, 0, 3, 34, 3, 14, 8, 1, 18, 1, 4, 23, 0, 2, 2, 4, 20, 0, 4, 2, 0, 0, 3, 0, 1, 1, 1, 1, 1, 1, 0, 1, 2, 0, 1, 2, 2, 1, 2, 1, 52, 2, 3, 1, 2, 11, 1, 3, 1, 2, 1, 2, 1, 2, 1, 1, 1, 0, 0, 3, 0, 1, 14, 5, 4, 11, 1, 1, 1, 1, 1, 1, 1, 1, 5, 1, 1, 1, 1, 1, 0, 0, 3, 14, 1, 1, 4, 28, 1, 2, 1, 0, 3, 2, 2, 3, 17, 1, 1, 1, 1, 1, 10, 7, 28, 12, 3, 7, 20, 11, 11, 15, 8, 10, 23, 5, 4, 8, 4, 3, 3, 22, 36, 5, 3, 5, 2, 1, 1, 20, 4, 2, 6, 11, 5, 18, 1, 4, 2, 1, 11, 28, 6, 1, 6, 4, 1, 21, 2, 0, 0, 0, 19, 1, 3, 2, 6, 6, 5, 1, 2, 8, 2, 9, 8, 3, 39, 8, 5, 2, 16, 9, 3, 20, 42, 3, 20, 22, 6, 3, 10, 1, 14, 14, 6, 21, 15, 1, 5, 6, 6, 6, 3, 17, 3, 4, 10, 11, 30, 8, 2, 2, 9, 5, 4, 5, 4, 2, 2, 17, 1, 109, 11, 25, 1, 1, 10, 7, 2, 3, 4, 4, 7, 2, 30, 42, 47, 9, 13, 53, 25, 1, 8, 12, 10, 1, 2, 25, 16, 51, 1, 4, 4, 4, 79, 2, 3, 1, 3, 19, 58, 1, 3, 15, 11, 14, 5, 1, 1, 2, 2, 2, 1, 4, 4, 1, 1, 1, 3, 15, 7, 2, 71, 4, 1, 2, 5, 37, 11, 7, 44, 2, 2, 2, 4, 6, 16, 7, 6, 2, 6, 6, 32, 1, 1, 5, 5, 5, 5, 17, 16, 18, 35, 1, 45, 16, 5, 3, 2, 5, 3, 14, 32, 27, 9, 4, 10, 7, 0, 0, 0, 0, 0, 2, 1, 2, 1, 2, 1, 0, 2, 1, 0, 0, 0, 0, 2, 1, 0, 0, 0, 14, 1, 1, 1, 1, 1, 26, 36, 6, 61, 1, 23, 0, 0, 12, 3, 16, 13, 1, 1, 19, 18, 11, 27, 10, 1, 2, 34, 2, 11, 1, 1, 1, 2, 3, 1, 1, 1, 1, 1, 2, 0, 2, 4, 31, 11, 2, 2, 61, 30, 11, 9, 3, 34, 3, 1, 1, 9, 1, 1, 1, 1, 1, 1, 14, 1, 1, 1, 1, 7, 14, 16, 3, 13, 85, 5, 2, 3, 4, 2, 1, 3, 8, 1, 1, 1, 32, 15, 48, 8, 1, 4, 2, 4, 7, 6, 14, 3, 2, 1, 1, 2, 1, 2, 1, 57, 15, 7, 13, 3, 1, 0, 1, 0, 3, 1, 1, 1, 2, 19, 2, 1, 1, 30, 21, 1, 2, 1, 5, 5, 1, 5, 2, 11, 3, 2, 0, 3, 15, 2, 3, 115, 2, 0, 1, 1, 1, 5, 1, 3, 0, 3, 1, 1, 4, 2, 3, 1, 2, 4, 1, 1, 36, 91, 3, 18, 5, 99, 17, 1, 1, 11, 7, 1, 1, 2, 1, 1, 3, 2, 3, 1, 10, 5, 1, 1, 13, 14, 37, 1, 29, 1, 1, 1, 1, 4, 1, 1, 4, 10, 33, 1, 1, 0, 0, 1, 12, 2, 1, 1, 17, 4, 1, 7, 10, 7, 5, 7, 1, 1, 1, 0, 0, 4, 0, 0, 0, 0, 0, 0, 0, 0, 0, 0, 0, 2, 0, 0, 84, 1, 0, 0, 0, 4, 1, 6, 0, 0, 5, 1, 0, 5, 8, 6, 2, 54, 5, 1, 1, 3, 6, 18, 3, 59, 15, 1, 3, 3, 1, 3, 16, 2, 13, 6, 19, 5, 5, 2, 21, 79, 21, 3, 1, 41, 7, 5, 31, 129, 4, 7, 5, 3, 41, 7, 4, 78, 5, 1, 3, 5, 1, 2, 1, 4, 13, 1, 2, 3, 51, 24, 6, 4, 39, 2, 40, 1, 2, 2, 2, 5, 15, 2, 5, 5, 30, 1, 20, 7, 2, 4, 16, 14, 1, 2, 1, 2, 1, 1, 1, 1, 1, 3, 14, 1, 1, 1, 4, 1, 1, 1, 9, 1, 20, 21, 2, 1, 1, 2, 1, 1, 1, 1, 1, 11, 3, 19, 1, 1, 1, 1, 1, 1, 4, 23, 1, 8, 1, 8, 4, 1, 4, 34, 3, 1, 1, 1, 1, 1, 1, 1, 28, 1, 1, 2, 1, 1, 2, 2, 1, 2, 1, 1, 1, 1, 1, 1, 1, 2, 2, 1, 7, 1, 1, 1, 1, 13, 1, 1, 1, 1, 1, 1, 1, 2, 3, 1, 1, 1, 1, 18, 1, 1, 8, 5, 17, 2, 2, 6, 39, 1, 1, 1, 1, 1, 1, 1, 25, 46, 3, 6, 7, 4, 67, 41, 13, 8, 14, 61, 6, 98, 31, 6, 14, 3, 40, 82, 4, 1, 8, 1, 8, 1, 3, 53, 3, 1, 5, 6, 15, 3, 3, 15, 1, 1, 2, 3, 1, 0, 0, 1, 1, 1, 1, 4, 2, 1, 1, 17, 10, 1, 1, 110, 30, 1, 2, 1, 4, 9, 1, 1, 4, 5, 8, 6, 1, 1, 1, 1, 1, 1, 1, 1, 0, 2, 0, 11, 2, 2, 2, 2, 3, 1, 0, 2, 0, 0, 2, 2, 5, 2, 2, 2, 2, 2, 2, 2, 12, 1, 2, 2, 22, 12, 10, 1, 1, 2, 9, 11, 8, 12, 20, 8, 2, 3, 5, 21, 3, 8, 6, 3, 4, 29, 4, 3, 10, 6, 3, 49, 7, 4, 13, 1, 5, 54, 24, 4, 9, 1, 1, 6, 5, 10, 16, 8, 2, 6, 1, 1, 1, 1, 1, 1, 1, 1, 1, 1, 1, 1, 1, 1, 1, 1, 1, 2, 5, 1, 1, 2, 132, 20, 1, 1, 37, 1, 1, 1, 21, 19, 1, 1, 1, 1, 17, 1, 1, 1, 1, 3, 3, 1, 4, 5, 1, 1, 1, 1, 1, 1, 1, 1, 7, 1, 1, 1, 22, 1, 4, 43, 2, 51, 4, 24, 5, 5, 12, 11, 5, 3, 17, 2, 2, 4, 4, 31, 3, 48, 25, 12, 7, 3, 1, 2, 4, 2, 10, 39, 1, 5, 5, 22, 0, 71, 7, 15, 16, 3, 3, 19, 5, 9, 68, 5, 11, 4, 2, 31, 9, 35, 10, 48, 1, 1, 5, 11, 6, 3, 6, 1, 2, 5, 1, 3, 9, 3, 2, 1, 6, 89, 6, 2, 2, 6, 30, 3, 6, 15, 31, 2, 34, 80, 71, 7, 18, 4, 6, 19, 95, 2, 3, 71, 4, 5, 2, 5, 6, 35, 3, 5, 5, 0, 14, 2, 13, 56, 8, 1, 3, 4, 34, 41, 8, 5, 27, 11, 12, 7, 72, 9, 1, 5, 11, 13, 8, 6, 0, 2, 42, 3, 1, 5, 19, 5, 3, 2, 16, 1, 2, 4, 3, 1, 22, 6, 7, 11, 8, 1, 14, 29, 35, 1, 9, 27, 1, 1, 1, 1, 3, 17, 1, 1, 3, 1, 1, 1, 69, 1, 1, 3, 1, 1, 2, 1, 36, 1, 14, 13, 8, 1, 8, 12, 19, 1, 2, 6, 1, 5, 6, 2, 4, 4, 4, 1, 6, 70, 3, 6, 12, 4, 3, 3, 1, 65, 16, 18, 15, 2, 10, 5, 1, 29, 17, 13, 1, 19, 19, 8, 1, 8, 140, 1, 3, 4, 4, 13, 5, 5, 5, 11, 8, 2, 1, 4, 1, 0, 1, 3, 2, 4, 38, 51, 3, 1, 11, 34, 2, 16, 49, 7, 7, 7, 32, 4, 6, 2, 19, 16, 5, 11, 18, 13, 2, 13, 13, 0, 0, 0, 2, 3, 3, 11, 1, 8, 2, 17, 16, 5, 14, 8, 33, 3, 20, 1, 32, 5, 10, 15, 4, 16, 15, 1, 1, 1, 2, 1, 8, 7, 3, 22, 24, 4, 4, 7, 15, 10, 48, 45, 4, 9, 14, 9, 36, 5, 8, 0, 0, 33, 3, 24, 13, 3, 19, 23, 33, 18, 27, 17, 4, 5, 49, 5, 16, 22, 9, 49, 2, 4, 8, 56, 13, 9, 9, 22, 16, 1, 1, 16, 10, 3, 8, 61]"
Williams,0.04373329524819946,0.016373207108318202,0.3926930426557372,1.0650334736242162e-220,Anti-teorethical,455,98026,"[1, 1, 5, 8, 5, 2, 9, 8, 2, 1, 4, 5, 13, 31, 14, 5, 10, 2, 8, 7, 3, 20, 29, 10, 10, 32, 2, 6, 33, 6, 2, 18, 1, 9, 16, 10, 8, 6, 15, 11, 1, 1, 1, 13, 5, 6, 7, 7, 13, 19, 30, 6, 3, 3, 5, 6, 11, 7, 17, 1, 13, 4, 12, 3, 3, 18, 5, 46, 3, 5, 6, 10, 9, 10, 15, 22, 4, 7, 5, 7, 4, 24, 4, 2, 12, 5, 6, 2, 36, 19, 7, 13, 23, 4, 12, 3, 18, 9, 10, 4, 4, 22, 5, 59, 1, 14, 19, 10, 11, 9, 7, 13, 4, 5, 22, 15, 4, 7, 2, 13, 3, 5, 20, 7, 8, 6, 4, 45, 1, 8, 13, 28, 8, 22, 5, 10, 10, 31, 17, 3, 10, 16, 9, 4, 11, 16, 3, 30, 16, 5, 8, 30, 8, 15, 7, 8, 4, 1, 25, 12, 2, 6, 6, 6, 16, 24, 16, 5, 4, 3, 7, 8, 2, 14, 7, 22, 29, 7, 4, 7, 21, 32, 6, 6, 2, 5, 12, 14, 1, 15, 24, 20, 7, 17, 14, 30, 52, 7, 10, 13, 11, 24, 24, 7, 3, 1, 1, 5, 14, 14, 15, 6, 34, 5, 9, 12, 19, 7, 13, 3, 7, 3, 6, 19, 6, 2, 6, 3, 118, 17, 8, 14, 10, 51, 2, 1, 1, 10, 23, 5, 24, 4, 23, 6, 4, 24, 3, 13, 10, 15, 14, 7, 30, 2, 0, 2, 13, 1, 29, 2, 13, 12, 3, 25, 48, 18, 2, 39, 16, 1, 1, 64, 90, 8, 15, 18, 16, 45, 40, 2, 25, 6, 20, 15, 2, 3, 4, 8, 2, 4, 4, 4, 4, 1, 3, 4, 4, 1, 4, 1, 4, 5, 4, 5, 2, 7, 5, 5, 5, 4, 7, 5, 4, 5, 3, 3, 6, 4, 2, 5, 5, 5, 5, 4, 5, 5, 5, 5, 3, 4, 5, 5, 5, 5, 5, 3, 5, 3, 7, 5, 3, 4, 4, 3, 8, 5, 5, 4, 5, 5, 5, 4, 5, 5, 5, 5, 5, 5, 5, 1, 6, 6, 5, 6, 5, 5, 5, 5, 4, 4, 3, 2, 3, 5, 7, 5, 5, 4, 3, 3, 5, 2, 8, 4, 5, 5, 3, 5, 4, 9, 5, 3, 5, 5, 2, 5, 3, 3, 3, 4, 2, 4, 17, 13, 3, 5, 3, 5, 5, 3, 3, 5, 5, 6, 4, 5, 5, 3, 5, 5, 5, 3, 4, 5, 5, 5, 7, 2, 4, 5, 7, 3, 5, 3, 4, 4, 3, 5, 3, 4, 5, 7, 4, 3, 5, 4, 4, 5, 10, 1, 2, 4, 4, 4, 4]"
Lewis,0.04516271861855214,0.024559073131134233,0.5179229439446567,0.0,Most cited analytical,447,67755,"[1, 3, 5, 4, 9, 3, 5, 5, 1, 2, 15, 13, 38, 7, 4, 17, 3, 2, 0, 0, 0, 1, 0, 1, 0, 2, 0, 0, 2, 0, 2, 0, 9, 1, 1, 0, 7, 5, 1, 1, 1, 1, 1, 5, 5, 2, 0, 0, 1, 0, 0, 0, 1, 0, 0, 1, 0, 0, 5, 1, 7, 6, 2, 56, 2, 2, 2, 2, 1, 1, 1, 1, 2, 2, 2, 2, 2, 2, 2, 2, 2, 2, 2, 2, 2, 2, 2, 2, 2, 2, 2, 2, 2, 2, 2, 2, 2, 2, 2, 2, 2, 2, 2, 2, 2, 2, 2, 2, 2, 2, 2, 2, 2, 2, 16, 14, 8, 1, 1, 1, 26, 2, 1, 2, 94, 0, 25, 6, 2, 2, 2, 18, 0, 3, 4, 0, 2, 7, 4, 1, 11, 6, 21, 13, 10, 18, 9, 29, 2, 5, 5, 18, 5, 23, 6, 6, 3, 4, 4, 4, 10, 2, 7, 16, 4, 13, 4, 4, 1, 3, 2, 2, 6, 23, 25, 5, 4, 32, 24, 6, 73, 20, 4, 5, 4, 14, 4, 4, 11, 17, 22, 1, 1, 1, 15, 5, 5, 5, 21, 4, 6, 11, 4, 2, 2, 0, 0, 0, 26, 7, 3, 3, 20, 12, 4, 7, 2, 12, 3, 4, 3, 53, 21, 4, 42, 5, 6, 32, 26, 33, 61, 6, 0, 3, 3, 1, 1, 1, 2, 2, 10, 9, 1, 1, 9, 12, 51, 3, 3, 34, 7, 2, 0, 0, 1, 1, 4, 45, 3, 30, 1, 0, 0, 1, 1, 1, 25, 0, 0, 14, 2, 2, 2, 0, 0, 1, 30, 81, 2, 2, 3, 39, 3, 6, 5, 6, 2, 6, 18, 16, 2, 2, 2, 2, 2, 2, 2, 2, 2, 2, 2, 2, 2, 2, 2, 8, 2, 5, 2, 2, 2, 2, 2, 2, 2, 2, 2, 2, 23, 2, 2, 2, 1, 1, 1, 10, 1, 1, 1, 1, 1, 1, 1, 1, 1, 1, 1, 1, 1, 1, 1, 1, 1, 1, 1, 1, 1, 5, 2, 0, 1, 2, 3, 6, 0, 2, 19, 3, 3, 17, 59, 74, 13, 4, 30, 25, 5, 2, 4, 5, 2, 19, 16, 4, 5, 6, 7, 3, 3, 3, 5, 18, 4, 4, 4, 2, 6, 8, 8, 44, 2, 10, 11, 11, 27, 21, 16, 4, 4, 41, 1, 6, 3, 6, 11, 15, 13, 2, 15, 12, 4, 6, 4, 1, 6, 22, 9, 2, 2, 1, 1, 1, 1, 1, 1, 1, 1, 1, 1, 1, 1, 1, 1, 1, 1, 1, 1, 1, 1, 1, 1, 1, 1, 1, 1, 1, 1]"
Kripke,0.04867242114936493,0.023105451442449704,0.7640764840431328,0.0,Most cited analytical,376,60938,"[1, 1, 1, 1, 2, 3, 0, 0, 32, 11, 3, 1, 1, 1, 1, 31, 1, 6, 1, 2, 2, 1, 1, 1, 1, 10, 1, 1, 1, 3, 4, 38, 2, 5, 1, 1, 4, 1, 1, 1, 1, 1, 4, 1, 1, 11, 16, 0, 11, 1, 1, 7, 1, 1, 4, 3, 1, 1, 1, 5, 10, 1, 12, 1, 8, 3, 1, 26, 7, 1, 14, 5, 2, 6, 5, 3, 3, 1, 1, 13, 3, 8, 1, 1, 1, 3, 8, 6, 1, 1, 2, 4, 1, 1, 1, 25, 7, 1, 1, 7, 10, 3, 9, 9, 36, 17, 12, 10, 19, 2, 1, 3, 7, 7, 19, 2, 21, 1, 7, 3, 7, 4, 17, 9, 1, 1, 4, 3, 7, 0, 17, 1, 2, 14, 1, 7, 2, 6, 24, 6, 4, 7, 13, 17, 19, 8, 2, 19, 16, 4, 9, 3, 4, 10, 5, 6, 4, 1, 2, 13, 4, 2, 2, 2, 1, 8, 1, 3, 8, 2, 2, 15, 14, 2, 9, 19, 9, 24, 9, 5, 27, 6, 2, 5, 8, 15, 2, 10, 2, 2, 19, 15, 1, 24, 12, 6, 12, 84, 1, 16, 47, 1, 6, 2, 16, 1, 40, 9, 6, 14, 4, 14, 39, 2, 1, 10, 13, 2, 14, 7, 2, 5, 5, 5, 4, 24, 4, 11, 8, 5, 44, 5, 86, 8, 7, 5, 10, 11, 2, 4, 1, 9, 32, 15, 2, 31, 16, 1, 1, 6, 35, 1, 1, 2, 11, 1, 19, 7, 53, 12, 14, 3, 6, 12, 8, 4, 3, 1, 2, 9, 3, 6, 20, 7, 66, 3, 10, 1, 7, 17, 17, 3, 3, 4, 1, 1, 7, 6, 3, 8, 6, 34, 20, 30, 50, 1, 1, 1, 4, 2, 36, 1, 5, 1, 8, 4, 1, 1, 1, 8, 6, 3, 17, 1, 14, 1, 2, 3, 55, 2, 7, 4, 11, 3, 1, 1, 2, 1, 6, 22, 1, 4, 1, 7, 10, 4, 2, 1, 15, 4, 3, 8, 1, 25, 3, 18, 14, 4, 11, 1, 17, 2, 2, 3, 2, 1, 6, 1, 1, 1, 1, 3, 4, 1, 4, 2, 2, 2, 1, 1, 1, 2, 3, 3, 2, 5]"
Austin,0.05183080960061629,0.006668432075880498,0.6779505326630604,0.0,Master,393,41539,"[3, 1, 2, 3, 4, 18, 1, 10, 0, 0, 0, 38, 6, 4, 8, 2, 3, 4, 5, 1, 10, 1, 13, 3, 10, 5, 9, 4, 18, 2, 1, 2, 5, 10, 2, 1, 9, 1, 8, 1, 1, 5, 32, 7, 7, 2, 8, 3, 1, 2, 7, 1, 1, 11, 24, 1, 1, 8, 1, 12, 4, 9, 1, 10, 10, 1, 1, 1, 26, 1, 5, 1, 44, 6, 2, 4, 1, 5, 5, 23, 4, 1, 5, 1, 17, 1, 1, 14, 1, 3, 6, 20, 1, 2, 2, 21, 12, 5, 4, 3, 27, 1, 1, 14, 6, 14, 3, 1, 7, 1, 5, 1, 3, 3, 2, 7, 3, 40, 10, 3, 2, 8, 2, 2, 2, 2, 1, 1, 36, 8, 5, 1, 2, 28, 9, 4, 24, 1, 28, 1, 1, 3, 3, 12, 4, 2, 2, 6, 6, 4, 19, 1, 1, 7, 4, 5, 1, 9, 4, 5, 7, 1, 4, 6, 8, 1, 10, 3, 5, 17, 12, 10, 14, 2, 2, 2, 5, 8, 2, 4, 5, 2, 6, 1, 1, 14, 1, 3, 7, 5, 1, 2, 11, 1, 4, 2, 3, 13, 2, 1, 4, 4, 7, 3, 2, 2, 2, 2, 2, 30, 1, 10, 3, 1, 2, 3, 1, 18, 3, 5, 16, 2, 1, 2, 3, 1, 8, 1, 6, 19, 4, 1, 7, 3, 5, 6, 20, 14, 2, 3, 1, 0, 1, 1, 3, 1, 3, 1, 1, 6, 32, 1, 1, 6, 1, 1, 1, 1, 7, 6, 0, 1, 1, 3, 6, 1, 13, 7, 20, 1, 13, 6, 3, 8, 1, 1, 1, 4, 2, 1, 1, 1, 2, 6, 1, 1, 16, 1, 1, 1, 4, 2, 2, 6, 4, 4, 12, 11, 16, 6, 6, 7, 4, 1, 1, 3, 1, 1, 1, 3, 13, 19, 3, 2, 9, 1, 9, 1, 1, 1, 5, 1, 4, 1, 1, 1, 1, 5, 1, 1, 1, 1, 7, 6, 1, 2, 5, 4, 6, 8, 1, 1, 3, 3, 1, 1, 6, 1, 3, 10, 1, 9, 9, 2, 9, 1, 7, 5, 5, 4, 3, 2, 28, 8, 9, 4, 1, 4, 1, 17, 4, 1, 1, 1, 3, 1, 14, 4, 2, 5, 1, 3, 5, 5, 1, 5, 11, 5, 1, 1, 1, 1, 1]"
Diamond,0.05729579477332857,0.02202525145402382,0.705465899850006,0.0,Anti-teorethical,1228,179158,"[8, 3, 1, 1, 15, 2, 1, 1, 2, 3, 5, 1, 1, 11, 1, 1, 4, 1, 1, 11, 5, 1, 4, 11, 1, 40, 28, 12, 2, 5, 6, 1, 17, 2, 4, 15, 8, 31, 6, 3, 1, 5, 8, 14, 15, 3, 13, 1, 1, 1, 1, 1, 50, 7, 6, 4, 7, 6, 1, 2, 24, 3, 8, 34, 3, 6, 3, 16, 2, 6, 3, 5, 4, 10, 30, 14, 8, 38, 4, 8, 3, 4, 4, 6, 5, 2, 3, 61, 79, 6, 9, 27, 4, 9, 5, 3, 36, 11, 2, 11, 10, 11, 3, 8, 8, 21, 1, 1, 3, 1, 13, 1, 1, 1, 1, 1, 2, 1, 4, 2, 2, 1, 1, 1, 2, 2, 1, 7, 6, 14, 3, 8, 19, 10, 5, 5, 9, 83, 61, 4, 5, 2, 29, 1, 1, 8, 16, 17, 2, 9, 6, 3, 29, 8, 3, 8, 3, 21, 5, 7, 2, 6, 4, 6, 1, 38, 9, 22, 12, 3, 27, 2, 9, 4, 4, 10, 1, 17, 2, 4, 3, 7, 1, 2, 1, 1, 1, 2, 3, 2, 6, 1, 1, 1, 4, 1, 3, 7, 2, 1, 2, 1, 1, 1, 1, 3, 1, 1, 1, 7, 4, 13, 48, 3, 4, 17, 5, 7, 3, 5, 5, 7, 1, 20, 6, 4, 1, 17, 11, 7, 1, 5, 3, 4, 1, 1, 1, 39, 17, 1, 1, 1, 8, 1, 1, 1, 3, 18, 8, 13, 17, 2, 2, 13, 26, 1, 10, 1, 7, 1, 5, 1, 1, 6, 15, 13, 37, 3, 1, 17, 4, 4, 3, 4, 3, 7, 3, 2, 7, 1, 11, 3, 4, 3, 3, 5, 3, 4, 14, 2, 3, 1, 44, 9, 7, 4, 7, 4, 4, 2, 3, 2, 12, 4, 13, 17, 1, 6, 11, 7, 7, 4, 16, 29, 1, 9, 1, 1, 3, 3, 10, 3, 1, 1, 6, 8, 4, 3, 74, 19, 6, 4, 1, 22, 1, 8, 11, 10, 11, 20, 1, 1, 7, 60, 5, 7, 4, 1, 49, 1, 115, 17, 12, 3, 22, 7, 7, 5, 5, 1, 6, 4, 11, 6, 2, 19, 1, 10, 1, 1, 4, 2, 6, 3, 1, 4, 21, 4, 7, 4, 10, 7, 12, 11, 7, 5, 5, 2, 13, 2, 1, 19, 23, 1, 1, 11, 13, 6, 3, 4, 8, 6, 4, 2, 1, 7, 10, 2, 7, 3, 1, 3, 4, 1, 1, 2, 6, 1, 10, 14, 4, 17, 6, 4, 4, 4, 14, 3, 16, 5, 12, 3, 2, 13, 34, 20, 36, 3, 21, 20, 9, 4, 2, 4, 16, 8, 22, 7, 10, 3, 2, 4, 2, 10, 6, 4, 3, 4, 6, 3, 12, 5, 5, 4, 3, 15, 37, 22, 2, 27, 2, 4, 3, 1, 8, 3, 2, 13, 12, 16, 13, 3, 103, 15, 1, 1, 2, 6, 11, 5, 11, 11, 11, 11, 11, 39, 22, 3, 9, 27, 14, 1, 3, 1, 1, 1, 1, 4, 2, 1, 4, 2, 1, 3, 3, 2, 15, 6, 2, 6, 2, 7, 18, 2, 8, 5, 6, 1, 3, 9, 3, 5, 1, 1, 14, 7, 8, 5, 24, 4, 32, 3, 6, 1, 9, 2, 5, 14, 2, 5, 3, 5, 3, 3, 3, 3, 3, 2, 3, 4, 3, 1, 1, 1, 1, 1, 89, 1, 2, 28, 12, 7, 1, 9, 7, 15, 10, 8, 4, 0, 5, 3, 3, 14, 5, 9, 77, 1, 10, 6, 2, 9, 5, 1, 3, 1, 25, 2, 3, 1, 6, 2, 2, 5, 12, 13, 6, 5, 21, 13, 3, 23, 9, 2, 2, 3, 1, 1, 17, 2, 7, 13, 1, 3, 1, 1, 1, 2, 2, 2, 1, 2, 1, 4, 3, 1, 63, 23, 1, 5, 15, 69, 5, 10, 1, 3, 3, 91, 13, 160, 3, 51, 2, 3, 2, 35, 49, 2, 8, 3, 19, 14, 2, 18, 14, 2, 2, 1, 16, 7, 26, 12, 4, 5, 3, 14, 4, 2, 2, 2, 2, 1, 19, 2, 23, 2, 63, 6, 5, 1, 4, 2, 20, 8, 11, 1, 3, 1, 5, 8, 11, 22, 1, 50, 38, 10, 3, 21, 9, 10, 2, 13, 23, 8, 2, 136, 50, 2, 15, 21, 8, 1, 2, 5, 6, 76, 41, 3, 7, 2, 12, 42, 38, 9, 10, 1, 7, 6, 5, 269, 9, 1, 4, 12, 36, 216, 5, 26, 12, 25, 27, 9, 1, 3, 34, 1, 2, 2, 7, 5, 5, 6, 27, 3, 76, 13, 9, 18, 7, 2, 36, 2, 1, 19, 2, 1, 6, 14, 2, 3, 16, 1, 1, 45, 20, 2, 1, 1, 2, 0, 1, 1, 1, 1, 2, 4, 2, 0, 1, 13, 1, 1, 7, 2, 1, 26, 1, 2, 18, 17, 0, 3, 2, 1, 0, 9, 15, 2, 1, 9, 2, 29, 2, 2, 1, 1, 2, 3, 3, 66, 4, 16, 4, 2, 18, 3, 53, 9, 2, 13, 14, 1, 7, 2, 1, 22, 22, 1, 6, 10, 8, 7, 7, 4, 10, 11, 1, 29, 3, 1, 4, 2, 43, 61, 4, 7, 2, 7, 12, 4, 4, 4, 7, 10, 6, 33, 3, 11, 8, 1, 23, 11, 1, 5, 3, 14, 6, 2, 3, 3, 5, 1, 13, 18, 20, 1, 6, 2, 11, 3, 1, 2, 3, 1, 2, 2, 3, 8, 6, 20, 2, 32, 8, 40, 25, 14, 15, 2, 6, 27, 6, 7, 18, 46, 3, 13, 1, 1, 1, 1, 8, 5, 3, 3, 8, 2, 19, 2, 4, 15, 7, 17, 8, 1, 8, 6, 9, 2, 2, 1, 22, 5, 4, 22, 2, 1, 7, 28, 9, 1, 9, 4, 3, 2, 1, 1, 12, 29, 1, 6, 10, 21, 11, 7, 3, 3, 5, 6, 3, 8, 10, 3, 16, 8, 10, 21, 2, 3, 1, 2, 2, 2, 2, 2, 1, 1, 1, 2, 6, 4, 4, 6, 7, 18, 8, 7, 5, 4, 6, 5, 6, 22, 14, 2, 11, 3, 7, 8, 5, 10, 3, 13, 6, 3, 1, 1, 1, 1, 1, 1, 1, 1, 1, 1, 1, 1, 3, 1, 1, 1, 1, 1, 1, 1, 1, 1, 1, 1, 3, 2, 1, 4, 4, 4, 1, 1, 1, 1, 4, 1, 4, 1, 1, 1, 1, 1, 2, 2, 1, 2, 2, 1, 1, 1, 1, 1, 2, 3, 1, 2, 4, 4, 1, 1, 1, 15, 1, 1, 4, 4, 1, 5, 4, 2, 2, 1, 1, 3, 5, 1, 1, 1, 1, 1, 1, 2, 1, 2, 1, 1, 1, 1, 1, 1, 4, 2, 1, 1, 1, 1, 1, 1, 1, 2, 2, 2, 1, 1, 1, 2, 1, 4, 1, 1, 1, 1, 2, 3, 1, 1, 1, 1, 1, 1, 1, 1, 2, 2, 3, 1, 2, 4, 1, 2, 1, 2, 1, 2, 1, 1, 2, 2, 3, 4, 1, 1, 1, 1, 2, 1, 1, 4, 1, 1, 2, 1, 3, 2, 12, 4, 2, 1, 2, 1, 2, 1, 16, 1, 1, 1, 1, 1, 1, 2, 2, 2, 2, 1, 1, 1, 1, 1, 1, 1, 1, 3, 4, 1, 2, 1, 3, 1, 2, 3, 3, 1, 1, 1, 4, 2, 4, 3, 2, 6, 1, 1, 1, 1]"
Wittgenstein,0.0633948108783995,0.0430551213921017,0.8094351230035053,0.0,Master,273,47985,"[9, 3, 11, 10, 6, 12, 7, 32, 8, 1, 5, 11, 1, 34, 5, 3, 7, 7, 7, 11, 16, 5, 3, 1, 26, 62, 2, 20, 5, 1, 4, 1, 1, 1, 1, 1, 8, 1, 31, 15, 22, 10, 2, 4, 5, 5, 2, 3, 15, 14, 3, 7, 13, 14, 11, 5, 4, 4, 9, 1, 16, 6, 35, 20, 10, 12, 10, 8, 8, 35, 2, 1, 15, 22, 37, 17, 6, 49, 6, 6, 36, 5, 6, 1, 1, 33, 4, 6, 9, 19, 1, 18, 3, 7, 16, 4, 2, 11, 10, 19, 3, 4, 5, 5, 11, 13, 5, 1, 21, 7, 11, 10, 6, 63, 2, 7, 5, 3, 14, 41, 1, 9, 38, 31, 12, 5, 9, 9, 17, 35, 16, 18, 9, 21, 5, 9, 15, 7, 12, 14, 7, 9, 15, 6, 10, 4, 5, 12, 14, 2, 54, 6, 20, 7, 1, 1, 3, 1, 12, 42, 11, 3, 13, 6, 10, 6, 7, 12, 11, 2, 4, 1, 7, 7, 3, 28, 11, 23, 11, 4, 5, 5, 27, 11, 7, 2, 5, 14, 8, 7, 26, 8, 4, 4, 11, 2, 28, 6, 9, 5, 12, 20, 15, 5, 6, 2, 27, 9, 5, 5, 2, 6, 7, 23, 3, 14, 6, 18, 9, 2, 6, 5, 5, 6, 7, 10, 37, 12, 6, 11, 6, 9, 8, 33, 13, 7, 18, 6, 27, 2, 17, 7, 5, 4, 6, 31, 3, 18, 12, 13, 14, 3, 5, 11, 5, 9, 3, 20, 5, 8, 8, 7, 62, 2, 14, 12, 1, 21, 13, 13, 6, 11, 29]"
Fodor,0.0697623755739518,0.02433220498039347,0.5756690327318571,0.0,Most cited analytical,547,59674,"[12, 15, 4, 3, 1, 2, 1, 3, 5, 1, 1, 5, 1, 14, 2, 4, 2, 1, 3, 1, 1, 2, 8, 2, 9, 1, 0, 7, 1, 38, 19, 2, 21, 22, 2, 2, 4, 1, 1, 5, 16, 0, 6, 5, 2, 54, 6, 4, 0, 1, 6, 1, 6, 1, 8, 5, 1, 2, 1, 1, 27, 3, 6, 5, 1, 14, 1, 7, 2, 21, 6, 1, 2, 1, 6, 6, 6, 3, 1, 1, 12, 1, 40, 2, 3, 1, 3, 11, 8, 16, 3, 3, 8, 5, 1, 1, 2, 6, 12, 19, 6, 5, 31, 11, 17, 22, 9, 3, 32, 4, 3, 77, 2, 2, 15, 14, 3, 5, 12, 1, 5, 4, 8, 1, 5, 4, 8, 5, 5, 11, 5, 10, 33, 1, 6, 2, 5, 9, 3, 22, 28, 4, 14, 4, 3, 2, 6, 2, 4, 3, 1, 1, 2, 31, 10, 5, 4, 12, 1, 5, 50, 5, 33, 2, 3, 55, 8, 7, 7, 7, 23, 14, 10, 15, 23, 9, 21, 23, 2, 5, 2, 6, 7, 18, 6, 0, 0, 3, 19, 5, 8, 15, 1, 4, 11, 3, 31, 10, 10, 3, 8, 4, 2, 14, 2, 3, 17, 2, 3, 1, 7, 5, 1, 10, 13, 11, 5, 3, 1, 21, 2, 1, 15, 5, 0, 4, 1, 18, 14, 8, 12, 3, 8, 15, 5, 1, 22, 0, 4, 1, 57, 4, 24, 16, 19, 1, 17, 41, 25, 9, 1, 3, 2, 16, 9, 2, 10, 10, 6, 9, 5, 1, 5, 21, 24, 1, 20, 4, 4, 8, 2, 32, 8, 2, 6, 1, 13, 3, 1, 1, 6, 4, 8, 37, 1, 7, 10, 2, 1, 9, 4, 8, 17, 37, 20, 17, 15, 7, 4, 44, 4, 2, 1, 13, 12, 3, 12, 20, 38, 10, 2, 0, 1, 1, 4, 1, 21, 4, 2, 2, 24, 15, 2, 3, 6, 8, 36, 4, 1, 9, 22, 2, 10, 5, 6, 17, 7, 1, 2, 2, 3, 7, 1, 2, 2, 3, 1, 3, 3, 6, 3, 2, 6, 36, 3, 9, 17, 29, 5, 3, 5, 5, 14, 18, 8, 13, 1, 1, 39, 1, 4, 3, 10, 4, 1, 1, 1, 1, 10, 4, 4, 5, 1, 26, 1, 7, 4, 7, 8, 41, 9, 3, 5, 2, 1, 47, 3, 3, 1, 8, 8, 1, 5, 2, 4, 11, 5, 16, 8, 8, 1, 4, 1, 5, 4, 10, 1, 5, 4, 10, 1, 21, 6, 17, 1, 1, 3, 19, 1, 2, 6, 4, 2, 8, 2, 17, 8, 15, 0, 1, 1, 1, 10, 9, 11, 4, 2, 4, 11, 4, 2, 4, 4, 5, 3, 9, 2, 4, 4, 5, 1, 2, 2, 1, 10, 5, 4, 23, 1, 3, 4, 2, 4, 3, 2, 11, 2, 6, 6, 1, 4, 9, 3, 7, 14, 10, 2, 11, 2, 4, 24, 2, 19, 4, 8, 7, 4, 5, 3, 8, 0, 1, 2, 22, 2, 18, 4, 6, 2, 2, 1, 4, 6, 2, 2, 1, 1, 1, 1, 1, 1, 1, 2, 1, 1, 1, 1, 1, 1, 1, 1, 1, 1, 1, 1, 1, 1, 1, 1, 1, 1, 1, 1, 1, 1, 1, 1]"
Putnam,0.10219945835080284,0.025654681639452004,0.8566374279495128,0.0,Most cited analytical,930,88249,"[2, 16, 7, 33, 3, 2, 13, 25, 1, 15, 15, 4, 2, 4, 6, 11, 4, 6, 8, 5, 6, 3, 8, 6, 4, 4, 13, 4, 4, 4, 3, 25, 10, 13, 3, 25, 32, 2, 23, 9, 7, 2, 1, 2, 4, 20, 4, 1, 14, 33, 10, 34, 3, 3, 3, 12, 29, 12, 1, 2, 9, 1, 14, 102, 17, 1, 6, 5, 9, 7, 3, 8, 5, 26, 6, 20, 4, 1, 14, 6, 4, 3, 5, 9, 5, 7, 3, 3, 2, 12, 16, 5, 71, 5, 6, 14, 4, 1, 7, 6, 12, 6, 14, 21, 3, 3, 41, 3, 28, 9, 7, 4, 12, 4, 28, 10, 36, 17, 16, 40, 8, 5, 7, 4, 2, 10, 11, 1, 7, 6, 5, 4, 11, 38, 2, 2, 10, 13, 1, 3, 4, 9, 18, 4, 3, 14, 2, 8, 10, 10, 27, 5, 6, 29, 0, 3, 1, 3, 9, 1, 6, 9, 18, 6, 8, 3, 1, 27, 5, 4, 7, 22, 27, 14, 21, 9, 14, 7, 11, 37, 31, 7, 13, 3, 12, 5, 29, 19, 14, 18, 7, 1, 3, 1, 1, 1, 1, 22, 18, 22, 9, 4, 14, 17, 11, 9, 5, 7, 12, 3, 3, 2, 7, 3, 3, 2, 25, 14, 13, 7, 1, 1, 1, 1, 11, 1, 23, 8, 3, 18, 3, 3, 3, 17, 9, 1, 21, 3, 3, 9, 4, 14, 13, 13, 2, 4, 3, 3, 8, 13, 8, 1, 4, 8, 1, 2, 6, 3, 22, 1, 3, 8, 5, 1, 5, 17, 18, 9, 8, 37, 17, 1, 3, 19, 2, 15, 5, 43, 11, 8, 9, 9, 3, 5, 14, 5, 16, 9, 19, 9, 10, 13, 7, 2, 11, 11, 1, 36, 7, 3, 6, 7, 7, 17, 5, 4, 23, 1, 4, 8, 5, 5, 3, 2, 2, 15, 17, 1, 8, 12, 6, 5, 1, 1, 4, 3, 3, 18, 9, 10, 9, 4, 2, 3, 72, 20, 4, 7, 2, 5, 2, 6, 5, 35, 6, 4, 8, 4, 3, 1, 5, 4, 3, 18, 1, 39, 1, 1, 5, 11, 5, 5, 6, 4, 8, 3, 16, 39, 3, 7, 17, 6, 1, 8, 2, 14, 31, 11, 2, 9, 3, 1, 67, 6, 12, 13, 11, 20, 8, 27, 1, 9, 8, 7, 2, 2, 4, 3, 1, 5, 14, 7, 36, 39, 8, 15, 1, 26, 9, 10, 101, 10, 1, 1, 3, 14, 14, 1, 7, 21, 12, 1, 8, 83, 1, 10, 15, 2, 28, 1, 6, 7, 9, 7, 5, 20, 7, 22, 22, 2, 10, 7, 18, 11, 27, 17, 1, 2, 6, 2, 2, 8, 21, 16, 4, 8, 1, 2, 6, 4, 2, 28, 23, 13, 16, 12, 6, 2, 6, 22, 8, 15, 5, 2, 18, 5, 1, 3, 5, 2, 3, 5, 1, 3, 3, 4, 4, 12, 22, 4, 2, 2, 15, 6, 16, 12, 5, 43, 3, 10, 12, 12, 2, 4, 13, 14, 3, 5, 7, 5, 10, 1, 6, 6, 7, 27, 12, 28, 19, 26, 37, 5, 9, 6, 5, 2, 2, 8, 8, 16, 2, 16, 44, 19, 24, 10, 7, 6, 12, 7, 5, 3, 4, 2, 8, 10, 14, 4, 10, 9, 1, 12, 8, 6, 7, 7, 16, 2, 3, 8, 6, 6, 19, 5, 33, 1, 25, 1, 6, 3, 3, 11, 11, 2, 2, 4, 26, 4, 18, 17, 7, 7, 1, 10, 6, 8, 7, 8, 3, 1, 5, 32, 21, 10, 5, 1, 6, 3, 6, 3, 2, 4, 21, 3, 3, 5, 12, 1, 3, 2, 1, 3, 4, 10, 4, 3, 4, 2, 2, 1, 1, 2, 11, 11, 15, 10, 3, 13, 8, 8, 14, 4, 11, 8, 2, 10, 3, 10, 7, 13, 10, 26, 5, 5, 35, 1, 4, 33, 17, 3, 32, 8, 5, 4, 8, 1, 9, 15, 12, 13, 3, 8, 2, 4, 33, 1, 3, 5, 10, 9, 2, 13, 12, 4, 9, 9, 1, 1, 13, 10, 5, 10, 4, 9, 24, 9, 9, 37, 4, 1, 8, 13, 9, 22, 3, 43, 16, 38, 22, 20, 8, 9, 4, 4, 7, 4, 2, 6, 7, 2, 7, 4, 14, 2, 7, 9, 25, 5, 5, 15, 10, 6, 13, 10, 19, 5, 3, 1, 11, 5, 4, 3, 22, 9, 3, 2, 4, 10, 9, 9, 12, 4, 10, 13, 5, 14, 5, 4, 16, 16, 1, 14, 7, 5, 4, 6, 3, 12, 13, 13, 34, 18, 4, 4, 6, 7, 35, 9, 5, 4, 2, 4, 8, 7, 12, 8, 9, 17, 7, 27, 7, 30, 19, 17, 1, 5, 12, 4, 1, 1, 7, 31, 12, 9, 5, 14, 2, 2, 22, 3, 9, 7, 1, 14, 3, 9, 13, 19, 8, 13, 7, 9, 4, 4, 9, 7, 2, 3, 8, 3, 21, 26, 2, 4, 12, 9, 8, 5, 2, 6, 7, 8, 12, 3, 6, 4, 14, 5, 11, 4, 5, 9, 3, 11, 5, 84, 7, 20, 14, 3, 4, 8, 6, 4, 5, 13, 1, 2, 12, 11, 13, 7, 51, 12, 6, 17, 5, 15, 2, 2, 5, 22, 7, 7, 2, 13, 11, 19, 5, 20, 11, 13, 5, 5, 7, 13, 4, 10, 5, 6, 7, 8, 2, 3, 18, 13, 5, 4, 1, 4, 44, 37, 3, 3, 8, 12, 11, 2, 3, 2, 3, 1, 2, 2, 4, 5, 1, 1, 3, 3, 1, 2, 5, 5, 7, 2, 2, 2, 3, 1]"
Cavell,0.12045803693684667,0.06708997094479512,0.9302898166853891,0.0,Cavell,2273,239544,"[15, 9, 8, 27, 12, 5, 13, 12, 6, 9, 8, 12, 20, 103, 27, 1, 7, 11, 9, 14, 3, 12, 50, 6, 20, 6, 18, 3, 1, 11, 1, 12, 1, 4, 13, 17, 74, 2, 7, 1, 8, 4, 4, 3, 9, 11, 120, 324, 7, 7, 4, 16, 23, 5, 2, 5, 2, 8, 8, 7, 6, 9, 8, 8, 3, 5, 7, 2, 5, 13, 1, 2, 3, 3, 5, 3, 1, 4, 118, 7, 86, 18, 1, 4, 3, 3, 7, 5, 40, 30, 6, 11, 2, 1, 4, 13, 114, 1, 14, 2, 1, 3, 5, 1, 5, 8, 3, 2, 7, 63, 7, 7, 34, 3, 4, 23, 3, 1, 2, 18, 5, 6, 12, 4, 1, 5, 7, 13, 1, 2, 5, 16, 6, 3, 4, 10, 37, 2, 4, 13, 34, 45, 1, 2, 14, 7, 4, 1, 2, 1, 5, 3, 5, 48, 3, 1, 1, 4, 3, 1, 1, 5, 9, 9, 5, 17, 18, 2, 4, 4, 5, 9, 10, 1, 10, 2, 11, 1, 1, 22, 1, 24, 4, 12, 5, 2, 1, 5, 3, 1, 34, 19, 14, 7, 1, 14, 1, 5, 6, 1, 1, 11, 1, 1, 1, 11, 137, 4, 1, 8, 38, 1, 1, 1, 2, 1, 14, 1, 1, 2, 1, 7, 3, 1, 3, 36, 4, 8, 2, 6, 1, 35, 8, 7, 9, 5, 2, 1, 6, 1, 10, 3, 3, 11, 3, 8, 4, 2, 9, 1, 3, 44, 6, 239, 13, 10, 12, 79, 4, 6, 8, 5, 2, 3, 1, 7, 2, 37, 1, 2, 6, 2, 2, 5, 8, 1, 23, 14, 1, 2, 22, 8, 10, 50, 2, 33, 11, 8, 9, 14, 8, 2, 5, 12, 2, 10, 9, 16, 1, 3, 9, 4, 11, 1, 1, 5, 5, 1, 3, 3, 11, 15, 6, 1, 3, 4, 1, 17, 32, 26, 8, 20, 17, 10, 20, 1, 1, 30, 1, 28, 1, 7, 1, 4, 1, 2, 10, 13, 5, 9, 16, 41, 6, 37, 8, 5, 84, 1, 12, 8, 12, 2, 1, 1, 1, 4, 3, 1, 1, 3, 8, 3, 1, 24, 7, 1, 5, 1, 1, 1, 5, 1, 1, 2, 4, 3, 1, 1, 2, 10, 9, 6, 20, 6, 6, 3, 16, 6, 22, 4, 49, 7, 1, 2, 6, 3, 4, 1, 8, 7, 23, 14, 3, 5, 18, 32, 7, 1, 3, 11, 1, 10, 3, 12, 2, 4, 10, 20, 6, 2, 1, 1, 2, 7, 8, 18, 18, 37, 1, 13, 197, 3, 8, 1, 3, 21, 3, 1, 26, 1, 6, 1, 6, 1, 17, 1, 2, 10, 37, 22, 6, 5, 2, 3, 1, 5, 5, 15, 26, 1, 56, 1, 18, 1, 9, 11, 7, 3, 1, 7, 3, 26, 6, 29, 25, 19, 5, 26, 10, 6, 3, 7, 26, 2, 2, 3, 2, 8, 12, 1, 2, 13, 1, 1, 1, 5, 10, 26, 44, 1, 1, 2, 1, 1, 9, 3, 5, 8, 10, 6, 3, 4, 4, 1, 5, 69, 11, 4, 1, 7, 9, 8, 15, 1, 5, 7, 6, 4, 30, 6, 20, 1, 9, 26, 16, 421, 432, 93, 5, 44, 25, 18, 1, 5, 7, 2, 4, 38, 7, 3, 4, 1, 27, 22, 1, 1, 76, 30, 7, 3, 2, 25, 3, 12, 3, 6, 2, 5, 1, 61, 4, 80, 11, 126, 7, 2, 1, 1, 1, 2, 3, 14, 3, 2, 1, 6, 12, 10, 10, 78, 4, 4, 26, 11, 63, 15, 11, 4, 4, 2, 3, 3, 3, 5, 1, 7, 1, 4, 7, 22, 3, 4, 7, 7, 3, 31, 1, 1, 16, 2, 2, 20, 2, 1, 2, 16, 3, 6, 1, 1, 28, 6, 2, 2, 1, 18, 25, 6, 1, 2, 2, 43, 16, 20, 2, 7, 13, 17, 28, 55, 18, 2, 2, 5, 1, 5, 13, 5, 8, 6, 1, 1, 1, 6, 4, 4, 9, 16, 1, 23, 1, 12, 1, 9, 12, 13, 24, 3, 37, 9, 1, 2, 1, 16, 1, 2, 20, 36, 2, 9, 19, 5, 1, 2, 17, 33, 9, 27, 53, 15, 2, 2, 8, 6, 22, 12, 4, 60, 1, 13, 5, 1, 1, 7, 1, 4, 1, 1, 7, 2, 10, 5, 19, 5, 1, 1, 1, 7, 10, 5, 2, 32, 21, 2, 4, 41, 1, 8, 5, 4, 35, 20, 16, 14, 6, 38, 5, 15, 10, 7, 7, 13, 44, 9, 2, 4, 11, 39, 27, 15, 5, 21, 12, 35, 16, 95, 24, 4, 7, 6, 8, 6, 7, 12, 34, 3, 5, 1, 20, 36, 9, 6, 8, 1, 1, 6, 6, 9, 6, 23, 5, 4, 4, 2, 6, 7, 1, 1, 5, 5, 3, 11, 13, 22, 1, 4, 1, 1, 9, 2, 2, 3, 8, 1, 11, 20, 15, 16, 13, 5, 1, 1, 19, 3, 5, 9, 10, 5, 17, 1, 3, 5, 33, 4, 1, 1, 4, 5, 7, 12, 2, 7, 6, 4, 1, 3, 2, 2, 2, 4, 2, 3, 22, 5, 2, 2, 7, 7, 3, 1, 72, 23, 1, 29, 2, 4, 5, 1, 59, 5, 5, 7, 21, 3, 9, 14, 2, 4, 12, 1, 2, 2, 28, 7, 2, 12, 7, 4, 9, 3, 7, 54, 23, 1, 4, 4, 10, 4, 11, 1, 3, 1, 8, 1, 1, 1, 8, 7, 28, 29, 2, 24, 9, 16, 1, 3, 52, 15, 12, 1, 15, 8, 23, 24, 4, 8, 6, 16, 12, 5, 1, 5, 5, 1, 3, 55, 6, 6, 3, 21, 101, 1, 9, 1, 1, 52, 4, 1, 2, 3, 2, 12, 1, 6, 16, 10, 8, 1, 22, 19, 11, 25, 4, 2, 1, 7, 9, 2, 6, 4, 6, 1, 4, 1, 5, 4, 4, 4, 4, 1, 4, 1, 1, 1, 1, 5, 2, 11, 16, 1, 1, 11, 5, 17, 1, 2, 1, 1, 14, 12, 2, 37, 2, 9, 16, 2, 2, 24, 12, 44, 7, 16, 14, 1, 11, 4, 9, 14, 1, 4, 3, 10, 6, 4, 8, 4, 7, 6, 5, 1, 1, 3, 1, 4, 9, 6, 1, 6, 8, 5, 1, 40, 3, 102, 9, 16, 4, 7, 24, 14, 8, 11, 31, 2, 11, 8, 18, 5, 1, 1, 1, 6, 5, 18, 34, 1, 120, 4, 2, 10, 8, 2, 12, 5, 9, 2, 21, 12, 18, 1, 42, 3, 38, 10, 3, 6, 23, 14, 4, 3, 3, 4, 2, 28, 12, 5, 11, 3, 12, 33, 2, 1, 8, 51, 22, 1, 8, 5, 2, 1, 2, 2, 3, 11, 34, 21, 38, 18, 7, 16, 16, 2, 0, 1, 1, 3, 1, 11, 13, 17, 1, 2, 6, 4, 1, 1, 6, 3, 6, 1, 50, 4, 15, 18, 5, 5, 7, 14, 7, 4, 25, 16, 35, 1, 1, 3, 5, 12, 8, 4, 4, 2, 9, 12, 1, 9, 1, 2, 4, 23, 1, 1, 1, 1, 13, 10, 70, 12, 30, 38, 22, 10, 12, 4, 14, 34, 2, 2, 2, 1, 5, 1, 1, 1, 3, 1, 14, 1, 1, 20, 1, 3, 4, 3, 13, 1, 12, 12, 4, 4, 3, 3, 1, 27, 1, 15, 2, 2, 8, 10, 14, 4, 13, 2, 1, 3, 1, 1, 18, 1, 29, 1, 8, 18, 1, 1, 24, 2, 4, 3, 33, 5, 24, 5, 8, 11, 3, 10, 8, 29, 20, 8, 2, 1, 1, 25, 1, 5, 7, 14, 4, 28, 5, 40, 1, 9, 37, 35, 5, 23, 8, 26, 24, 13, 5, 2, 3, 43, 4, 8, 25, 4, 1, 4, 1, 3, 5, 10, 3, 4, 23, 1, 4, 3, 14, 1, 1, 4, 1, 2, 0, 5, 1, 34, 4, 2, 3, 4, 2, 3, 2, 2, 91, 22, 6, 1, 1, 12, 6, 12, 2, 9, 13, 1, 18, 11, 1, 12, 16, 1, 2, 13, 5, 1, 4, 8, 1, 1, 12, 24, 11, 1, 6, 4, 3, 12, 3, 7, 1, 2, 1, 5, 25, 5, 39, 18, 5, 3, 27, 41, 85, 15, 8, 11, 21, 12, 7, 8, 16, 6, 10, 2, 1, 13, 16, 27, 1, 1, 34, 10, 1, 1, 8, 8, 1, 15, 1, 1, 36, 13, 4, 1, 17, 4, 12, 26, 2, 6, 4, 2, 5, 7, 1, 1, 8, 2, 1, 1, 3, 49, 1, 3, 5, 5, 17, 5, 1, 8, 2, 1, 3, 7, 1, 1, 16, 5, 1, 5, 6, 6, 1, 1, 7, 27, 2, 1, 21, 7, 16, 1, 1, 1, 60, 9, 12, 11, 35, 6, 8, 1, 3, 4, 10, 2, 1, 4, 5, 1, 34, 14, 3, 1, 6, 1, 1, 10, 47, 13, 41, 8, 14, 3, 3, 1, 9, 26, 7, 9, 8, 1, 1, 9, 2, 2, 1, 8, 1, 3, 2, 2, 1, 1, 56, 1, 9, 26, 3, 3, 2, 3, 22, 1, 1, 1, 1, 1, 1, 7, 14, 6, 10, 10, 11, 5, 9, 16, 18, 18, 8, 1, 5, 2, 2, 6, 5, 49, 1, 5, 3, 14, 3, 4, 2, 2, 2, 1, 1, 17, 6, 24, 2, 1, 16, 13, 1, 1, 42, 3, 5, 2, 1, 1, 11, 11, 1, 1, 79, 3, 1, 6, 4, 1, 1, 3, 18, 15, 7, 5, 3, 22, 75, 4, 11, 4, 11, 56, 5, 5, 15, 287, 6, 6, 21, 4, 5, 1, 1, 1, 4, 4, 5, 10, 21, 15, 23, 41, 13, 39, 36, 1, 2, 25, 14, 14, 19, 5, 11, 41, 4, 8, 35, 8, 6, 9, 29, 51, 1, 14, 28, 1, 18, 5, 3, 17, 7, 23, 1, 98, 1, 5, 1, 4, 25, 1, 4, 4, 1, 1, 1, 18, 21, 1, 17, 60, 2, 6, 10, 19, 5, 12, 2, 1, 6, 4, 8, 6, 11, 1, 32, 2, 15, 1, 24, 1, 3, 1, 1, 1, 25, 8, 16, 2, 6, 8, 18, 7, 9, 12, 4, 13, 1, 11, 7, 4, 6, 2, 18, 3, 76, 1, 6, 5, 17, 1, 1, 5, 28, 30, 1, 3, 4, 4, 36, 62, 32, 21, 1, 1, 19, 34, 50, 1, 3, 2, 17, 39, 1, 95, 3, 9, 15, 3, 27, 15, 15, 22, 15, 135, 19, 11, 108, 5, 4, 86, 76, 1, 2, 2, 4, 80, 14, 5, 8, 13, 9, 7, 34, 55, 10, 2, 2, 2, 1, 6, 12, 12, 15, 25, 10, 9, 42, 11, 38, 1, 1, 1, 5, 8, 243, 7, 6, 22, 3, 22, 1, 1, 6, 6, 38, 11, 29, 32, 129, 5, 9, 16, 10, 17, 2, 10, 4, 5, 4, 1, 4, 14, 11, 5, 12, 136, 10, 1, 12, 8, 5, 60, 3, 1, 2, 8, 5, 67, 9, 16, 20, 12, 1, 1, 16, 9, 4, 6, 28, 35, 10, 16, 19, 5, 7, 14, 7, 8, 10, 10, 36, 24, 15, 18, 46, 5, 3, 36, 2, 8, 1, 8, 2, 1, 13, 1, 4, 3, 7, 13, 7, 6, 18, 8, 32, 8, 4, 9, 25, 2, 10, 11, 8, 9, 428, 26, 1, 36, 14, 5, 3, 4, 10, 51, 21, 2, 15, 108, 8, 1, 57, 50, 19, 10, 3, 14, 41, 3, 1, 1, 1, 17, 28, 26, 6, 47, 1, 8, 6, 5, 13, 4, 5, 21, 6, 1, 1, 12, 5, 3, 32, 9, 2, 1, 1, 17, 2, 115, 58, 1, 11, 15, 55, 4, 9, 7, 11, 6, 1, 1, 3, 3, 1, 42, 4, 16, 32, 37, 4, 66, 5, 11, 16, 2, 6, 16, 15, 1, 1, 9, 4, 1, 28, 7, 54, 10, 22, 8, 44, 154, 14, 22, 10, 1, 10, 15, 227, 1, 14, 14, 8, 56, 10, 120, 15, 2, 10, 72, 21, 4, 7, 28, 9, 52, 11, 4, 51, 3, 1, 2, 2, 4, 3, 4, 3, 1, 4, 4, 3, 4, 4, 6, 15, 25, 2, 10, 1, 9, 18, 14, 1, 1, 11, 13, 18, 1, 20, 2, 34, 17, 1, 42, 44, 20, 1, 2, 73, 1, 1, 2, 2, 7, 5, 1, 6, 3, 55, 1, 9, 1, 1, 6, 1, 71, 22, 16, 5, 18, 6, 3, 3, 1, 1, 7, 8, 1, 6, 22, 2, 27, 6, 8, 1, 3, 3, 23, 1, 1, 9, 26, 5, 2, 5, 62, 21, 2, 20, 3, 1, 1, 1, 6, 4, 94, 5, 9, 1, 3, 7, 7, 2, 16, 8, 6, 44, 3, 2, 15, 10, 10, 10, 28, 2, 10, 8, 2, 3, 55, 5, 1, 1, 3, 98, 32, 10, 26, 24, 39, 1, 3, 5, 1, 8, 44, 7, 1, 28, 2, 1, 2, 2, 2, 12, 1, 1, 8, 15, 25, 3, 2, 10, 3, 2, 1, 5, 3, 4, 10, 33, 3, 4, 18, 11, 32, 6, 2, 1, 99, 91, 33, 9, 2, 12, 37, 16, 36, 1, 5, 9, 9, 6, 15, 7, 2, 14, 57, 6, 7, 13, 1, 1, 5, 7, 5, 7, 2, 47, 17, 1, 5, 18, 1, 1, 1, 3, 1, 1, 5, 2, 19, 10, 1, 12, 11, 5, 2, 2, 3, 23, 6, 18, 1, 1, 42, 2, 1, 1, 0, 12, 6, 0, 7, 4, 9, 1, 6, 1, 0, 17, 3, 0, 2, 1, 0, 0, 1, 14, 12, 48, 20, 3, 20, 58, 0, 15, 0, 26, 0, 103, 2, 16, 15, 0, 7, 16, 12, 3, 29, 6, 9, 6, 5, 9, 0, 9, 35, 9, 1, 12]"
